player,nation,minutes,goals,npg,npxg,age
Aaron Cresswell,ENG,436,0,0,,33
Aaron Hickey,SCO,713,0,0,,21
Aaron Malouda,FRA,1,0,0,,17
Aaron Ramsdale,ENG,540,0,0,,25
Aaron Ramsey,ENG,527,0,0,,20
Aaron Seydel,GER,619,1,1,,27
Aaron Wan-Bissaka,COD,1780,0,0,,25
Aarón Escandell,ESP,153,0,0,,27
Aarón Martín,ESP,1376,0,0,,26
Abakar Sylla,CIV,1792,2,2,,20
Abde Ezzalzouli,MAR,933,1,1,,21
Abde Rebbach,ALG,722,1,1,,24
Abdel Abqar,MAR,2312,0,0,,24
Abdellah Baallal,MAR,4,0,0,,18
Abdellah Raihani,MAR,10,0,0,,19
Abdou Harroui,NED,1019,3,2,,25
Abdoul Kader Bamba,FRA,611,2,2,,29
Abdoul Koné,FRA,193,0,0,,18
Abdoulaye Doucouré,MLI,2629,7,7,,30
Abdoulaye Touré,GUI,2284,2,0,,29
Abdukodir Khusanov,UZB,809,0,0,,19
Abdul Mumin,GHA,1694,1,1,,25
Abdón Prats,ESP,1270,6,6,,30
Ablie Jallow,GAM,918,3,2,,24
Abner,BRA,1400,0,0,,23
Abou Lô,SEN,197,0,0,,23
Aboubacar Ali,COM,130,0,0,,17
Achraf Dari,MAR,121,0,0,,24
Achraf Hakimi,MAR,1932,4,4,,24
Adam Hložek,CZE,459,2,2,,21
Adam Lallana,ENG,850,0,0,,35
Adam Marušić,MNE,3100,1,1,,30
Adam Masina,MAR,1088,0,0,,29
Adam Obert,SVK,941,0,0,,20
Adam Ounas,ALG,418,1,1,,26
Adam Smith,ENG,2150,0,0,,32
Adam Webster,ENG,1144,0,0,,28
Adam Wharton,ENG,1297,0,0,,19
Adama Bojang,GAM,83,0,0,,19
Adama Traoré,ESP,377,2,2,,27
Adel Mahamoud,COM,10,0,0,,20
Ademola Lookman,NGA,1894,11,11,,25
Adnan Januzaj,BEL,193,0,0,,28
Adri Bosch,ESP,26,0,0,,22
Adri Embarba,ESP,2476,3,2,,31
Adrian Beck,GER,974,1,1,,26
Adrian Grbić,AUT,31,0,0,,26
Adrien Lebeau,FRA,54,0,0,,24
Adrien Rabiot,FRA,2651,5,5,,28
Adrien Tameze,CMR,2146,0,0,,29
Adrien Thomasson,FRA,1193,1,1,,29
Adrien Truffert,FRA,2145,1,1,,21
Adrià Altimira,ESP,775,0,0,,22
Adrià Pedrosa,ESP,1753,1,1,,25
Adryelson,BRA,6,0,0,,25
Adson,BRA,238,0,0,,22
Adu Ares,ESP,265,0,0,,21
Agustín Martegani,ARG,731,1,1,,23
Ahmed Touba,ALG,277,0,0,,25
Aiham Ousou,SYR,430,0,0,,23
Aihen Muñoz,ESP,1127,0,0,,25
Aimar Oroz,ESP,2339,2,1,,21
Aingeru Olabarrieta,ESP,9,0,0,,17
Ainsley Maitland-Niles,ENG,1432,1,0,,25
Aitor Fernández,ESP,551,0,0,,32
Aitor Paredes,ESP,2704,1,1,,23
Aitor Ruibal,ESP,1017,2,2,,27
Akor Adams,NGA,2252,8,8,,23
Alaa Bellaarouch,MAR,1350,0,0,,21
Alan Matturro,URU,106,0,0,,18
Alan Virginius,FRA,1005,0,0,,20
Alassane Pléa,FRA,1913,7,6,,30
Alban Lafont,CIV,2496,0,0,,24
Albert Guðmundsson,ISL,3016,14,10,,26
Albert Sambi Lokonga,BEL,1303,1,1,,23
Alberto Cerri,ITA,545,1,1,,27
Alberto Dadie,ESP,28,0,0,,21
Alberto Dossena,ITA,2977,2,2,,24
Alberto Grassi,ITA,1807,0,0,,28
Alberto Marí,ESP,276,1,0,,22
Alberto Moleiro,ESP,1803,3,3,,19
Alberto Moreno,ESP,1484,2,2,,31
Alberto Perea,ESP,2,0,0,,32
Alberto Risco,ESP,137,0,0,,17
Alberto Soro,ESP,8,0,0,,24
Aleix García,ESP,3199,3,3,,26
Alejandro Balde,ESP,1378,0,0,,19
Alejandro Garnacho,ARG,2565,7,7,,19
Alejandro Pozo Pozo,ESP,976,0,0,,24
Alejo Véliz,ARG,85,1,1,,19
Aleksandar Mitrović,SRB,33,0,0,,28
Aleksandar Pavlovic,GER,1227,2,2,,19
Aleksandar Radovanović,SRB,569,0,0,,29
Aleksandar Sedlar,SRB,946,1,1,,31
Aleksandr Golovin,RUS,2147,6,6,,27
Aleksei Miranchuk,RUS,1176,3,3,,27
Alessandro Bastoni,ITA,2268,1,1,,24
Alessandro Buongiorno,ITA,2527,3,3,,24
Alessandro Deiola,ITA,1608,1,1,,27
Alessandro Dellavalle,ITA,15,0,0,,19
Alessandro Di Pardo,ITA,359,0,0,,24
Alessandro Florenzi,ITA,1732,1,1,,32
Alessandro Sorrentino,ITA,548,0,0,,21
Alessandro Vogliacco,ITA,1169,0,0,,24
Alessandro Zanoli,ITA,973,0,0,,22
Alessio Cragno,ITA,270,0,0,,29
Alessio Romagnoli,ITA,2411,0,0,,28
Alessio Zerbin,ITA,834,0,0,,24
Alex Baena,ESP,2579,2,2,,22
Alex Iwobi,NGA,2332,5,5,,27
Alex Král,CZE,1370,0,0,,25
Alex Matos,ENG,1,0,0,,18
Alex Meret,ITA,2773,0,0,,26
Alex Murphy,IRL,13,0,0,,19
Alex Sandro,BRA,721,1,1,,32
Alex Scott,ENG,1014,1,1,,19
Alex Sola,ESP,1292,0,0,,24
Alexander Brunst,GER,270,0,0,,28
Alexander Isak,SWE,2255,21,16,,23
Alexander Meyer,GER,695,0,0,,32
Alexander Nübel,GER,2700,0,0,,26
Alexander Schwolow,GER,90,0,0,,31
Alexander Sørloth,NOR,2489,23,23,,27
Alexandre Lacazette,FRA,2293,19,17,,32
Alexandre Oukidja,ALG,2987,0,0,,35
Alexis Blin,FRA,1642,0,0,,26
Alexis Claude-Maurice,FRA,504,0,0,,25
Alexis Mac Allister,ARG,2599,5,4,,24
Alexis Saelemaekers,BEL,1887,4,4,,24
Alexis Sánchez,CHI,763,2,1,,34
Alexsandro Ribeiro,BRA,2220,0,0,,23
Alfie Doughty,ENG,2925,2,2,,23
Alfie Gilchrist,ENG,207,1,1,,19
Alfonso Espino,URU,2507,0,0,,31
Alfonso Pedraza,ESP,1116,1,1,,27
Alfred Duncan,GHA,1888,2,2,,30
Alidu Seidu,GHA,1724,0,0,,23
Aliou Badara Baldé,GUI,69,0,0,,20
Alisson,BRA,2520,0,0,,30
Aljoscha Kemlein,GER,29,0,0,,18
Alois Confais,FRA,7,0,0,,26
Alphadjo Cissè,ITA,8,0,0,,16
Alphonse Areola,FRA,2699,0,0,,30
Alphonso Davies,CAN,2065,2,2,,22
Amad Diallo,CIV,390,1,1,,21
Amadou Diallo,ENG,1,0,0,,20
Amadou Haidara,MLI,1526,2,2,,25
Amadou Koné,MLI,475,0,0,,18
Amadou Onana,BEL,2091,2,2,,21
Amari'i Bell,JAM,1720,0,0,,29
Amath,SEN,394,0,0,,27
Ameen Al-Dakhil,BEL,1056,1,1,,21
Amin Sarr,SWE,484,0,0,,22
Amine Adli,MAR,898,4,4,,23
Amine Gouiri,ALG,2067,7,7,,23
Amine Harit,MAR,1821,1,1,,26
Amine Salama,FRA,313,0,0,,23
Amir Richardson,MAR,1352,3,3,,21
Amir Rrahmani,KVX,2600,3,3,,29
Amos Pieper,GER,590,0,0,,25
Anass Zaroury,MAR,152,0,0,,22
Anastasios Douvikas,GRE,905,7,7,,23
Ander Barrenetxea,ESP,1427,4,4,,21
Ander Guevara,ESP,2932,1,1,,26
Ander Herrera,ESP,1030,0,0,,33
Andoni Gorosabel,ESP,2854,1,1,,26
Andre Brooks,ENG,938,0,0,,19
Andre-Frank Zambo Anguissa,CMR,2786,0,0,,27
Andrea Belotti,ITA,1628,6,6,,29
Andrea Cambiaso,ITA,2372,2,2,,23
Andrea Carboni,ITA,1487,1,1,,22
Andrea Colpani,ITA,2657,8,8,,24
Andrea Consigli,ITA,3150,0,0,,36
Andrea Ferraris,ITA,10,0,0,,20
Andrea Petagna,ITA,995,1,1,,28
Andrea Pinamonti,ITA,3076,11,9,,24
Andrea Sodero,ITA,5,0,0,,18
Andreas Christensen,DEN,1979,2,2,,27
Andreas Hanche-Olsen,NOR,992,1,1,,26
Andreas Luthe,GER,90,0,0,,36
Andreas Müller,GER,349,0,0,,23
Andreas Pereira,BRA,2613,3,3,,27
Andrei Ratiu,ROU,630,0,0,,25
Andrej Ilic,SRB,9,0,0,,23
Andrej Kramarić,CRO,2199,15,10,,32
Andres Sfait,ROU,23,0,0,,18
Andrew Omobamidele,IRL,783,0,0,,21
Andrew Robertson,SCO,1693,3,3,,29
Andrey Santos,BRA,839,1,1,,19
Andriy Lunin,UKR,1890,0,0,,24
Andros Townsend,ENG,1210,1,1,,32
András Schäfer,HUN,1214,1,1,,24
André Ayew,GHA,1104,5,5,,33
André Ferreira,POR,1340,0,0,,27
André Gomes,POR,508,1,1,,30
André Onana,CMR,3420,0,0,,27
André Silva,POR,729,3,2,,27
Andrés Guardado,MEX,447,0,0,,36
Andy Diouf,FRA,1314,1,1,,20
Andy Pelmard,MAD,2989,0,0,,23
Anel Ahmedhodžić,BIH,2649,2,2,,24
Angel Gomes,ENG,2571,0,0,,22
Angeliño,ESP,1141,0,0,,26
Angelo Fulgini,FRA,1376,1,1,,26
Angelo Ogbonna,ITA,635,0,0,,35
Angelo Stiller,GER,2778,1,1,,22
Anis Ben Slimane,TUN,419,0,0,,22
Ansgar Knauff,GER,2109,7,7,,21
Ansu Fati,ESP,571,2,2,,20
Antal Yaakobishvili,HUN,61,0,0,,19
Ante Budimir,CRO,2435,17,14,,32
Anthony Caci,FRA,2486,2,2,,26
Anthony Elanga,SWE,2433,5,5,,21
Anthony Gordon,ENG,2890,11,10,,22
Anthony Jung,GER,2579,1,1,,31
Anthony Lopes,POR,2790,0,0,,32
Anthony Losilla,FRA,2576,1,1,,37
Anthony Lozano,HON,864,3,3,,30
Anthony Martial,FRA,448,1,1,,27
Anthony Oyono,GAB,1198,0,0,,22
Anthony Rouault,FRA,1010,0,0,,22
Antoine Griezmann,FRA,2644,16,12,,32
Antoine Joujou,FRA,779,0,0,,20
Antoine Makoumbou,CGO,2702,1,1,,25
Antoine Mendy,SEN,418,0,0,,19
Antoine Semenyo,GHA,2105,8,8,,23
Anton Stach,GER,2491,2,2,,24
Antonee Robinson,USA,3265,0,0,,25
Antonin Cartillier,FRA,8,0,0,,19
Antonino Gallo,ITA,2490,0,0,,23
Antonio Blanco,ESP,2426,0,0,,23
Antonio Candreva,ITA,2750,6,5,,36
Antonio Mirante,ITA,177,0,0,,40
Antonio Puertas,ESP,730,0,0,,31
Antonio Raillo,ESP,2195,3,3,,31
Antonio Rüdiger,GER,2709,1,1,,30
Antonio Sanabria,PAR,2133,5,3,,27
Antonio Sivera,ESP,3060,0,0,,26
Antonio Sánchez,ESP,1452,3,3,,26
Antonio Tikvić,CRO,1,0,0,,19
Antonios Papadopoulos,GER,117,0,0,,23
Antony,BRA,1324,1,1,,23
Antonín Barák,CZE,808,2,2,,28
Antwoine Hackford,ENG,13,0,0,,19
Anwar El Ghazi,NED,54,0,0,,28
Arda Güler,TUR,377,6,6,,18
Ardian Ismajli,ALB,2045,0,0,,26
Aridane Hernández,ESP,1690,0,0,,34
Arijanet Muric,KVX,900,0,0,,24
Arijon Ibrahimović,GER,474,1,1,,17
Aritz Elustondo,ESP,812,0,0,,29
Arkadiusz Milik,POL,919,4,4,,29
Armand Lauriente,FRA,2908,5,5,,24
Armando Broja,ALB,542,1,1,,21
Armando Izzo,ITA,1650,0,0,,31
Arnau Martinez,ESP,1241,0,0,,20
Arnau Puigmal,ESP,255,0,0,,22
Arnau Tenas,ESP,529,0,0,,22
Arnaud Kalimuendo,FRA,2139,10,8,,21
Arnaud Nordin,FRA,1246,5,5,,25
Arnaut Danjuma,NED,595,1,1,,26
Arne Engels,BEL,1405,3,3,,19
Arne Maier,GER,1003,2,2,,24
Aron Dønnum,NOR,1595,0,0,,25
Arouna Sangante,SEN,2687,0,0,,21
Arsen Zakharyan,RUS,1228,1,1,,20
Artem Dovbyk,UKR,2587,24,17,,26
Arthur,BRA,184,0,0,,20
Arthur Atta,FRA,924,1,1,,20
Arthur Desmas,FRA,2970,0,0,,29
Arthur Melo,BRA,1986,2,1,,26
Arthur Theate,BEL,2296,2,2,,23
Arthur Vermeeren,BEL,162,0,0,,18
Asaf Arania,ISR,6,0,0,,17
Ashley Young,ENG,2280,0,0,,38
Asier Osambela,ESP,9,0,0,,19
Asier Villalibre,ESP,513,2,2,,25
Assane Diao,SEN,1048,2,2,,17
Aster Vranckx,BEL,1153,0,0,,20
Atakan Karazor,TUR,2623,0,0,,26
Attila Szalai,HUN,391,0,0,,25
Augusto Batalla,ARG,1530,0,0,,27
Aurélien Pelon,FRA,90,0,0,,19
Aurélien Tchouaméni,FRA,1987,3,3,,23
Aurélio Buta,POR,1744,1,1,,26
Auston Trusty,USA,2572,0,0,,24
Axel Camblan,FRA,90,0,0,,19
Axel Disasi,FRA,2579,2,2,,25
Axel Gueguin,FRA,132,0,0,,18
Axel Guessand,FRA,45,0,0,,18
Axel Witsel,BEL,2783,2,2,,34
Ayanda Sishuba,BEL,62,0,0,,18
Ayman Kari,FRA,893,1,1,,18
Aymen Barkok,MAR,321,1,1,,25
Aymeric Laporte,ESP,12,0,0,,29
Ayoze Pérez,ESP,2294,9,9,,30
Ayyoub Bouaddi,FRA,131,0,0,,15
Azor Matusiwa,NED,2179,1,1,,25
Azzedine Ounahi,MAR,1209,2,2,,23
Aïman Maurer,MAR,56,0,0,,18
Aïssa Laïdouni,TUN,1071,0,0,,26
Aïssa Mandi,ALG,1113,1,1,,31
Babis Lykogiannis,GRE,904,2,2,,29
Badredine Bouanani,ALG,604,1,1,,18
Bafodé Diakité,FRA,1696,5,5,,22
Bamba Dieng,SEN,549,4,4,,23
Bambasé Conté,GER,48,0,0,,20
Bamo Meïté,CIV,784,0,0,,21
Baptiste Santamaria,FRA,1926,0,0,,28
Bart Verbruggen,NED,1890,0,0,,20
Bartol Franjić,CRO,1229,0,0,,23
Bartosz Bereszyński,POL,1762,0,0,,31
Bassirou Ndiaye,SEN,152,0,0,,21
Bastien Meupiyou,FRA,8,0,0,,17
Bebé,CPV,212,2,1,,33
Becir Omeragic,SUI,2312,0,0,,21
Ben Brereton,CHI,1375,6,5,,24
Ben Chilwell,ENG,756,0,0,,26
Ben Davies,WAL,1090,1,1,,30
Ben Gannon-Doak,SCO,14,0,0,,17
Ben Godfrey,ENG,1120,0,0,,25
Ben Johnson,ENG,544,0,0,,23
Ben Mee,ENG,1272,2,2,,33
Ben Osborn,ENG,1367,0,0,,28
Ben Parkinson,ENG,25,0,0,,18
Ben White,ENG,2988,4,4,,25
Benedict Hollerbach,GER,1282,5,5,,22
Benedikt Gimber,GER,2021,1,1,,26
Benicio Boaitey,ENG,40,0,0,,19
Benito Ramírez,ESP,384,1,1,,28
Benjamin André,FRA,2570,4,4,,32
Benjamin Bourigeaud,FRA,2425,9,2,,29
Benjamin Henrichs,GER,2526,1,1,,26
Benjamin Lecomte,FRA,2700,0,0,,32
Benjamin Mendy,FRA,711,2,2,,29
Benjamin Pavard,FRA,1672,0,0,,27
Benjamin Stambouli,FRA,286,0,0,,32
Benjamin Tetteh,GHA,278,0,0,,26
Benjamin Šeško,SVN,1526,14,14,,20
Bennit Bröger,GER,11,0,0,,17
Benno Schmitz,GER,1155,0,0,,28
Benoît Badiashile,FRA,1338,0,0,,22
Benoît Costil,FRA,1170,0,0,,36
Benson Manuel,ANG,116,0,0,,26
Berat Djimsiti,ALB,2832,0,0,,30
Berkan Kutlu,TUR,199,0,0,,25
Bernardo,BRA,2924,1,1,,28
Bernardo Espinosa,COL,2,0,0,,34
Bernardo Silva,POR,2578,6,6,,28
Bernd Leno,GER,3420,0,0,,31
Bertrand Traoré,BFA,579,1,1,,27
Bertuğ Yıldırım,TUR,469,0,0,,21
Beto,GNB,1025,3,3,,25
Beñat Prados,ESP,1449,0,0,,22
Beñat Turrientes,ESP,1687,0,0,,21
Bilal Boutobba,FRA,926,1,1,,24
Bilal Brahimi,ALG,232,0,0,,23
Bilal Nadir,MAR,113,0,0,,19
Billy Gilmour,SCO,2120,0,0,,22
Birger Meling,NOR,16,0,0,,28
Bobby Clark,ENG,89,0,0,,18
Bobby De Cordova-Reid,JAM,1423,6,6,,30
Bonke Innocent,NGA,210,0,0,,27
Boris Radunović,SRB,630,0,0,,27
Borja Iglesias,ESP,664,0,0,,30
Borja Mayoral,ESP,2153,15,11,,26
Borja Vázquez,ESP,4,0,0,,18
Borna Sosa,CRO,46,0,0,,25
Boubacar Kamara,FRA,1652,0,0,,23
Boubacar Traoré,MLI,819,0,0,,21
Boubakar Kouyaté,MLI,1928,0,0,,26
Boubakary Soumaré,FRA,2286,0,0,,24
Boulaye Dia,SEN,1143,4,3,,26
Bouna Sarr,SEN,106,0,0,,31
Bradley Barcola,FRA,1640,4,4,,20
Bradley Locko,FRA,2959,0,0,,21
Brahim Díaz,MAR,1545,8,8,,23
Brais Méndez,ESP,2413,5,5,,26
Brajan Gruda,GER,1641,4,4,,19
Brandon Aguilera,CRC,5,0,0,,20
Brandon Soppy,FRA,178,0,0,,21
Brau,ESP,31,0,0,,21
Braydon Manu,GHA,171,0,0,,26
Breel Embolo,SUI,182,1,1,,26
Brendan Chardonnet,FRA,2970,1,1,,28
Brenden Aaronson,USA,1267,2,2,,22
Brennan Johnson,WAL,2322,5,5,,22
Brenner,BRA,189,0,0,,23
Brian Ocampo,URU,248,1,1,,24
Brice Samba,FRA,2970,0,0,,29
Bruno Amione,ARG,579,0,0,,21
Bruno Fernandes,POR,3118,10,6,,28
Bruno Guimarães,BRA,3263,7,7,,25
Bruno Langa,MOZ,820,1,1,,25
Bruno Méndez,URU,1333,2,2,,23
Bryan Cristante,ITA,3289,3,3,,28
Bryan Gil,ESP,209,0,0,,22
Bryan Mbeumo,CMR,1960,9,6,,23
Bryan Zaragoza,ESP,1821,6,5,,21
Bukayo Saka,ENG,2919,16,10,,21
Bénie Traoré,CIV,891,0,0,,20
Caio Henrique Oliveira Silva,BRA,623,0,0,,26
Caleb Ekuban,GHA,1131,4,4,,29
Caleb Okoli,ITA,2914,0,0,,22
Callum Hudson-Odoi,ENG,1854,8,8,,22
Callum Wilson,ENG,991,9,7,,31
Calum Chambers,ENG,152,0,0,,28
Calvin Bassey,NGA,2303,1,1,,23
Cameron Archer,ENG,1838,4,4,,22
Caoimhín Kelleher,IRL,900,0,0,,24
Carl Starfelt,SWE,2216,1,1,,28
Carles Aleñá,ESP,1020,1,1,,25
Carles Pérez,ESP,772,1,1,,25
Carlo Pinsoglio,ITA,45,0,0,,33
Carlos Alcaraz,ARG,380,0,0,,20
Carlos Augusto,BRA,1725,0,0,,24
Carlos Baleba,CMR,1386,0,0,,19
Carlos Benavídez,URU,1136,3,3,,25
Carlos Dominguez,ESP,1584,0,0,,22
Carlos Dotor,ESP,708,0,0,,22
Carlos Fernández,ESP,408,2,1,,27
Carlos Neva,ESP,3146,0,0,,27
Carlos Romero,ESP,262,0,0,,21
Carlos Soler,ESP,1090,2,2,,26
Carlos Vicente,ESP,1114,2,2,,24
Carlos Vinícius,BRA,315,2,2,,28
Carlton Morris,ENG,2862,11,6,,27
Carmona,ESP,1313,1,1,,21
Carney Chukwuemeka,ENG,227,1,1,,19
Casemiro,BRA,1982,1,1,,31
Castello Lukeba,FRA,2191,1,1,,20
Catena,ESP,2534,1,1,,28
Cauley Woodrow,ENG,427,1,1,,28
Cedric Zesiger,SUI,1634,0,0,,25
Cenk Özkacar,TUR,1598,0,0,,22
Cesare Casadei,ITA,79,0,0,,20
Chadi Riad,MAR,2164,0,0,,20
Chaim El Djebali,TUN,12,0,0,,19
Chaka Traorè,CIV,20,1,1,,18
Chancel Mbemba,COD,2207,2,2,,28
Charles De Ketelaere,BEL,2026,10,9,,22
Charlie Taylor,ENG,2331,1,1,,29
Charlys,BRA,25,0,0,,19
Cheick Doucouré,MLI,919,0,0,,23
Cheick Konaté,MLI,1068,1,1,,19
Cheikh Tidiane Sabaly,SEN,1379,3,3,,24
Cheikhou Kouyaté,SEN,212,0,0,,33
Cher Ndour,ITA,28,0,0,,19
Chiedozie Ogbene,IRL,1995,4,4,,26
Chris Basham,ENG,321,0,0,,35
Chris Bedia,CIV,145,1,1,,27
Chris Führich,GER,2567,8,8,,25
Chris Mepham,WAL,617,0,0,,25
Chris Ramos,ESP,2612,5,5,,26
Chris Richards,USA,2094,1,1,,23
Chris Smalling,ENG,390,0,0,,33
Chris Wood,NZL,1812,14,14,,31
Chrislain Matsima,FRA,1478,1,1,,21
Christ Mbondi,FRA,2,0,0,,18
Christian Eriksen,DEN,1141,1,1,,31
Christian Groß,GER,797,0,0,,34
Christian Günter,GER,1060,1,1,,30
Christian Kabasele,BEL,861,1,1,,32
Christian Kouamé,CIV,1089,2,2,,25
Christian Kühlwetter,GER,8,0,0,,27
Christian Mawissa,FRA,1118,2,2,,18
Christian Nørgaard,DEN,2505,2,2,,29
Christian Pulisic,USA,2602,12,12,,24
Christoph Baumgartner,AUT,1158,5,5,,23
Christoph Klarer,AUT,2354,2,2,,23
Christoph Kramer,GER,249,0,0,,32
Christoph Zimmermann,GER,1220,0,0,,30
Christophe Hérelle,MTQ,1617,0,0,,30
Christopher Antwi-Adjei,GHA,1216,2,2,,29
Christopher Jullien,FRA,1233,1,1,,30
Christopher Lenz,GER,57,0,0,,28
Christopher Nkunku,FRA,443,3,3,,25
Christopher Operi,CIV,2445,3,3,,26
Christopher Trimmel,AUT,1646,0,0,,36
Christopher Wooh,CMR,1388,1,1,,21
Christos Mandas,GRE,721,0,0,,21
Christos Papadopoulos,GRE,4,0,0,,18
Chukwubuikem Ikwuemesi,NGA,1061,1,1,,21
Chumi,ESP,2434,0,0,,24
Ciro Immobile,ITA,1652,7,3,,33
Claudio Bravo,CHI,630,0,0,,40
Clemens Riedel,GER,755,0,0,,20
Clinton Mata,ANG,2220,0,0,,30
Clément Lenglet,FRA,1153,0,0,,28
Cody Gakpo,NED,1649,8,8,,24
Cole Palmer,ENG,2618,22,13,,21
Connor Roberts,WAL,823,0,0,,27
Conor Bradley,NIR,753,1,1,,20
Conor Gallagher,ENG,3128,5,5,,23
Copete,ESP,1333,1,1,,23
Corentin Tolisso,FRA,1741,3,2,,28
Craig Dawson,ENG,2209,1,1,,33
Crespo,POR,527,0,0,,26
Cristhian Mosquera,ESP,3075,0,0,,19
Cristhian Stuani,URU,804,9,9,,36
Cristian,ESP,57,0,0,,25
Cristian Cásseres Jr.,VEN,1946,1,1,,23
Cristian Gamboa,CRC,1187,0,0,,33
Cristian Herrera,ESP,166,1,1,,32
Cristian Romero,ARG,2790,5,5,,25
Cristian Volpato,ITA,645,1,1,,19
Cristiano Biraghi,ITA,2356,2,2,,30
Curtis Jones,ENG,1167,1,1,,22
Cyle Larin,CAN,1823,3,3,,28
Cyril Ngonge,BEL,1746,7,7,,23
Cédric Bakambu,COD,194,0,0,,32
Cédric Soares,POR,62,0,0,,31
César Azpilicueta,ESP,1423,0,0,,33
César Montes,MEX,1788,0,0,,26
César Tárrega,ESP,8,0,0,,21
Daichi Kamada,JPN,1544,2,2,,26
Daiki Hashioka,JPN,595,0,0,,24
Daler Kuzyaev,RUS,2090,2,2,,30
Daley Blind,NED,2972,1,1,,33
Daley Sinkgraven,NED,374,0,0,,28
Damion Downs,USA,181,2,2,,19
Damián Rodríguez,ESP,258,0,0,,20
Damián Suárez,URU,1299,0,0,,35
Dan Burn,ENG,2726,2,2,,31
Dan Ndoye,SUI,1771,1,1,,22
Dan-Axel Zagadou,FRA,1453,1,1,,24
Dane Scarlett,ENG,22,0,0,,19
Dango Ouattara,BFA,1229,1,1,,21
Dani Carvajal,ESP,2171,4,4,,31
Dani Ceballos,ESP,598,0,0,,26
Dani Cárdenas,ESP,90,0,0,,26
Dani García,ESP,745,1,1,,33
Dani Olmo,ESP,1449,4,4,,25
Dani Rodríguez,ESP,2615,2,2,,35
Daniel Bandeira,POR,446,0,0,,23
Daniel Batz,GER,360,0,0,,32
Daniel Bentley,ENG,383,0,0,,30
Daniel Boloca,ROU,2022,1,1,,24
Daniel Fuzato,BRA,7,0,0,,26
Daniel Gore,ENG,1,0,0,,18
Daniel Jebbison,CAN,21,0,0,,19
Daniel Maldini,ITA,596,4,4,,21
Daniel Muñoz,COL,1439,0,0,,27
Daniel Parejo,ESP,2580,3,0,,34
Daniel Peretz,ISR,17,0,0,,23
Daniel Vivian,ESP,2878,0,0,,24
Daniele Rugani,ITA,1187,2,2,,29
Daniele Sommariva,ITA,5,0,0,,26
Danilho Doekhi,NED,2160,2,2,,25
Danilo,BRA,4244,3,3,,22
Danilo Cataldi,ITA,1361,1,1,,28
Danilo D'Ambrosio,ITA,1536,0,0,,34
Danilo Pereira,POR,1995,0,0,,31
Danilo Soares,BRA,351,0,0,,31
Danley Jean-Jacques,HAI,2682,0,0,,23
Danny Ings,ENG,404,1,1,,31
Danny Welbeck,ENG,1693,5,5,,32
Danny da Costa,GER,830,0,0,,30
Dante,BRA,2843,1,1,,39
Dany Mota,POR,2049,4,4,,25
Daouda Traoré,FRA,16,0,0,,17
Dara O'Shea,IRL,2892,3,3,,24
Darko Brašanac,SRB,48,0,0,,31
Darko Lazović,SRB,1928,3,2,,32
Darlin Yongwa,CMR,1159,1,1,,22
Darwin Machís,VEN,785,4,3,,30
Darwin Núñez,URU,2047,11,11,,24
David Akpan Ankeye,NGA,57,0,0,,21
David Alaba,AUT,1154,0,0,,31
David Brooks,WAL,282,1,1,,26
David Costa,POR,1494,4,4,,22
David Datro Fofana,CIV,1561,5,5,,20
David García,ESP,2334,0,0,,29
David Gil,ESP,372,0,0,,29
David Jurásek,CZE,496,0,0,,22
David López,ESP,1965,3,3,,33
David Mamutovic,GER,11,0,0,,22
David Okereke,NGA,252,0,0,,25
David Ozoh,ENG,156,0,0,,18
David Raum,GER,2739,2,2,,25
David Raya,ESP,2880,0,0,,27
David Soria,ESP,3413,0,0,,30
David Zima,CZE,91,0,0,,22
Davide Bartesaghi,ITA,79,0,0,,17
Davide Bettella,ITA,3,0,0,,23
Davide Biraschi,ITA,90,1,1,,29
Davide Calabria,ITA,2185,1,1,,26
Davide Faraoni,ITA,994,0,0,,31
Davide Frattesi,ITA,955,6,6,,23
Davide Zappacosta,ITA,1867,2,2,,31
Davie Selke,GER,1265,6,6,,28
Davinson Sánchez,COL,77,0,0,,27
Davy Klaassen,NED,206,0,0,,30
Dawid Kownacki,POL,380,0,0,,26
Dayot Upamecano,FRA,1762,1,1,,24
Dean Henderson,ENG,1620,0,0,,26
Dean Huijsen,ESP,522,2,2,,18
Declan Rice,ENG,3225,7,7,,24
Deiver Machado,COL,1124,4,4,,29
Deivid Washington,BRA,13,0,0,,18
Dejan Kulusevski,SWE,2762,8,8,,23
Dejan Ljubicic,AUT,2048,0,0,,25
Dejan Lovren,CRO,718,0,0,,34
Demba Seck,SEN,723,0,0,,22
Dembo Sylla,GUI,45,0,0,,20
Denis Genreau,AUS,464,0,0,,24
Denis Huseinbasic,BIH,1627,0,0,,22
Denis Petrić,SRB,24,0,0,,35
Denis Suárez,ESP,133,0,0,,29
Denis Thomalla,GER,446,0,0,,30
Denis Zakaria,SUI,2137,4,4,,26
Deniz Undav,GER,2089,18,18,,27
Dennis Geiger,GER,64,0,0,,25
Denzel Dumfries,NED,1639,4,4,,27
Destiny Udogie,ITA,2391,2,2,,20
Diadie Samassékou,MLI,93,0,0,,27
Didier Lamkel Zé,CMR,550,1,1,,26
Diego Carlos,BRA,1816,0,0,,30
Diego Coppola,ITA,1634,2,2,,19
Diego Demme,GER,73,0,0,,31
Diego Iturralde,ESP,37,0,0,,20
Diego Llorente,ESP,2170,1,1,,29
Diego López,ESP,2656,3,3,,21
Diego Mariño,ESP,90,0,0,,33
Diego Moreira,BEL,270,0,0,,18
Diego Méndez,ESP,5,0,0,,19
Diego Rico,ESP,2535,0,0,,30
Dilane Bakwa,FRA,2177,3,3,,20
Dimitri Foulquier,FRA,1842,0,0,,30
Dimitry Bertaud,COD,360,0,0,,25
Diogo Dalot,POR,3174,2,2,,24
Diogo Jota,POR,1145,10,10,,26
Diogo Leite,POR,2702,0,0,,24
Dion Drena Beljo,CRO,581,2,2,,21
Dion Lopy,SEN,1916,0,0,,21
Divin Mubama,ENG,80,0,0,,18
Divock Origi,BEL,606,0,0,,28
Djaoui Cissé,FRA,4,0,0,,19
Djed Spence,ENG,859,0,0,,22
Djené,TOG,2484,0,0,,31
Djibril Sow,SUI,1460,1,1,,26
Dodi Lukebakio,BEL,1125,5,5,,25
Dodô,BRA,523,0,0,,24
Domagoj Bradarić,CRO,2749,0,0,,23
Domenico Berardi,ITA,1431,9,4,,28
Domingos André Ribeiro Almeida,POR,965,2,2,,23
Domingos Duarte,POR,907,0,0,,28
Domingos Quina,POR,13,0,0,,23
Dominic Calvert-Lewin,ENG,2171,7,5,,26
Dominic Sadi,ENG,1,0,0,,19
Dominic Solanke,ENG,3325,19,17,,25
Dominik Greif,SVK,90,0,0,,26
Dominik Kohr,GER,2184,1,1,,29
Dominik Szoboszlai,HUN,2104,3,3,,22
Dominique Heintz,GER,568,0,0,,29
Donny van de Beek,NED,360,0,0,,26
Donyell Malen,NED,1781,13,13,,24
Douglas,BRA,1772,0,0,,26
Douglas Luiz,BRA,2993,9,5,,25
Duje Ćaleta-Car,CRO,1993,0,0,,26
Duván Zapata,COL,2992,13,13,,32
Dušan Vlahović,SRB,2307,16,14,,23
Dwight McNeil,ENG,2892,3,3,,23
Dylan Bronn,TUN,52,0,0,,28
Désiré Doué,FRA,1626,4,4,,18
Dženan Pejčinović,GER,37,0,0,,18
Ebenezer Akinsanmiro,NGA,15,0,0,,18
Eberechi Eze,ENG,2055,11,10,,25
Edan Diop,FRA,163,0,0,,18
Eddie Nketiah,ENG,1082,5,5,,24
Ederson,BRA,2785,0,0,,29
Edimilson Fernandes,SUI,1290,0,0,,27
Edmond Tapsoba,BFA,2087,0,0,,24
Edoardo Bove,ITA,1780,0,0,,21
Edoardo Goldaniga,ITA,1011,0,0,,29
Edon Zhegrova,KVX,2288,6,6,,24
Edson Álvarez,MEX,2377,1,1,,25
Eduard Sobol,UKR,25,0,0,,28
Eduardo Camavinga,FRA,1817,0,0,,20
El Bilal Touré,MLI,394,2,2,,21
El Chadaille Bitshiabu,FRA,34,0,0,,18
Elayis Tavsan,NED,50,0,0,,22
Elba Rashani,KVX,1175,2,2,,30
Eldor Shomurodov,UZB,936,3,3,,28
Eli Junior Kroupi,FRA,1084,5,5,,17
Elia Caprile,ITA,2070,0,0,,21
Elias Baum,GER,28,0,0,,17
Eliesse Ben Seghir,MAR,428,2,2,,18
Elif Elmas,MKD,605,2,2,,23
Elijah Adebayo,ENG,1419,10,10,,25
Eliot Matazo,BEL,102,0,0,,21
Elliot Anderson,ENG,1027,0,0,,20
Ellyes Skhiri,TUN,2168,2,2,,28
Elseid Hysaj,ALB,1199,0,0,,29
Elvis Rexhbeçaj,KVX,1985,2,1,,25
Elye Wahi,FRA,1706,9,8,,20
Elysée Logbo,FRA,248,0,0,,19
Emanuel Emegha,NED,2078,8,8,,20
Emanuel Vignato,ITA,311,0,0,,22
Emanuele Valeri,ITA,1178,0,0,,24
Emerson,BRA,1161,1,1,,24
Emerson Palmieri,ITA,3137,1,1,,28
Emil Audero,IDN,337,0,0,,26
Emil Bohinen,NOR,591,0,0,,24
Emil Ceide,NOR,176,0,0,,21
Emil Forsberg,SWE,464,2,2,,31
Emil Holm,SWE,947,1,1,,23
Emil Krafth,SWE,913,0,0,,28
Emile Smith Rowe,ENG,353,0,0,,23
Emiliano Martínez,ARG,3015,0,0,,30
Emir Karic,BIH,1783,0,0,,26
Emmanuel Agbadou,CIV,2596,1,1,,26
Emmanuel Ekong,SWE,5,0,0,,21
Emmanuel Gyasi,GHA,1879,1,1,,29
Emmanuel Sabbi,USA,1584,5,3,,25
Emran Soglo,FRA,109,1,1,,18
Emre Can,GER,1953,2,0,,29
Eneko Ortiz,ESP,14,0,0,,20
Enes Ünal,TUR,468,2,2,,26
Enso Gonzalez,PAR,1,0,0,,18
Enzo Barrenechea,ARG,2811,0,0,,22
Enzo Ebosse,CMR,8,0,0,,24
Enzo Fernández,ARG,2209,3,2,,22
Enzo Le Fée,FRA,1527,0,0,,23
Enzo Loiodice,FRA,1790,0,0,,22
Enzo Millot,FRA,2241,5,4,,21
Enzo Mongo,FRA,10,0,0,,18
Enzo Tchato,CMR,1125,0,0,,20
Eray Cömert,SUI,1995,2,2,,25
Eren Dinkçi,GER,2650,10,10,,21
Erhan Mašović,SRB,2219,0,0,,24
Eric Bailly,CIV,839,0,0,,29
Eric Curbelo,ESP,102,0,0,,29
Eric Dier,ENG,1367,0,0,,29
Eric García,ESP,2694,5,5,,22
Eric Martel,GER,2457,1,1,,21
Eric Maxim Choupo-Moting,CMR,717,2,2,,34
Erik Botheim,NOR,316,0,0,,23
Erling Haaland,NOR,2552,27,20,,23
Ermedin Demirović,BIH,2873,15,12,,25
Ernest Nuamah,GHA,1838,3,3,,19
Ethan Mbappé,FRA,48,0,0,,16
Ethan Nwaneri,ENG,14,0,0,,16
Ethan Pinnock,JAM,2521,2,2,,30
Ethan Wheatley,ENG,16,0,0,,17
Etienne Youte Kinkoue,FRA,1941,0,0,,21
Etrit Berisha,ALB,1260,0,0,,34
Evan Ferguson,IRL,1367,6,6,,18
Evann Guessand,CIV,1553,6,4,,22
Exequiel Palacios,ARG,1831,4,2,,24
Ezequiel Ávila,ARG,1162,2,2,,29
Ezri Konsa,ENG,3069,1,1,,25
Fabian Bredlow,GER,360,0,0,,28
Fabian Holland,GER,1835,0,0,,33
Fabian Nürnberger,BUL,1513,1,1,,24
Fabian Rieder,SUI,365,1,1,,21
Fabian Rüdlin,GER,7,0,0,,26
Fabian Schnellhardt,GER,235,0,0,,29
Fabian Schär,SUI,3054,4,4,,31
Fabiano Parisi,ITA,1454,0,0,,22
Fabien Centonze,FRA,770,0,0,,27
Fabio Carvalho,POR,165,0,0,,20
Fabio Chiarodia,ITA,152,0,0,,18
Fabio González,ESP,123,0,0,,26
Fabio Miretti,ITA,1103,1,1,,19
Fabio Torsiello,ITA,156,0,0,,18
Fabio Vieira,POR,297,1,0,,23
Fabián Ruiz Peña,ESP,1197,1,1,,27
Fabrizio Angileri,ARG,164,0,0,,29
Facundo Buonanotte,ARG,1364,3,3,,18
Facundo Medina,ARG,2714,1,1,,24
Facundo Pellistri,URU,1404,2,2,,21
Faitout Maouassa,FRA,305,0,0,,25
Falaye Sacko,MLI,1382,0,0,,28
Fali,ESP,2547,0,0,,29
Fali Candé,GNB,1849,0,0,,25
Famara Diedhiou,SEN,89,0,0,,30
Fares Chaïbi,ALG,1970,2,2,,20
Faride Alidou,GER,1282,4,4,,22
Faris Pemi Moumbagna,CMR,547,3,3,,23
Farés Ghedjemis,FRA,182,0,0,,20
Fede San Emeterio,ESP,152,1,1,,26
Federico Baschirotto,ITA,3294,0,0,,26
Federico Bonazzoli,ITA,1016,3,3,,26
Federico Chiesa,ITA,2197,9,8,,25
Federico Di Francesco,ITA,15,1,1,,29
Federico Dimarco,ITA,2077,5,5,,25
Federico Fazio,ARG,1355,1,1,,36
Federico Gatti,ITA,2637,4,4,,25
Federico Gattoni,ARG,10,0,0,,24
Federico Ravaglia,ITA,535,0,0,,23
Federico Valverde,URU,2904,2,2,,25
Felipe,BRA,375,0,0,,34
Felipe Anderson,BRA,2770,5,5,,30
Felix Agu,NGA,1614,0,0,,23
Felix Nmecha,GER,1021,1,1,,22
Felix Passlack,GER,960,2,2,,25
Ferland Mendy,FRA,1720,0,0,,28
Fermin López,ESP,1446,8,8,,20
Fernando,BRA,459,0,0,,36
Fernando,ESP,360,0,0,,33
Ferrán Torres,ESP,1211,7,7,,23
Festy Ebosele,IRL,1700,0,0,,20
Fikayo Tomori,ENG,2121,4,4,,25
Filip Jagiełło,POL,33,0,0,,25
Filip Jørgensen,DEN,3240,0,0,,21
Filip Kostić,SRB,1815,0,0,,30
Filip Stojilković,SUI,154,0,0,,23
Filippo Missori,ITA,266,0,0,,19
Filippo Ranocchia,ITA,476,0,0,,22
Filippo Terracciano,ITA,1372,0,0,,20
Finley Munroe,ENG,4,0,0,,18
Finn Dahmen,GER,2790,0,0,,25
Finn Ole Becker,GER,606,0,0,,23
Flavius Daniliuc,AUT,744,0,0,,22
Florent Mollet,FRA,2083,4,4,,31
Florent Muslija,KVX,105,0,0,,25
Florent Ogier,FRA,943,1,1,,34
Florian Dietz,GER,70,0,0,,24
Florian Grillitsch,AUT,2295,1,1,,27
Florian Kainz,AUT,2197,5,0,,30
Florian Lejeune,FRA,3327,3,3,,32
Florian Neuhaus,GER,1224,4,3,,26
Florian Pick,GER,327,0,0,,27
Florian Sotoca,FRA,2598,7,3,,32
Florian Thauvin,FRA,1710,5,4,,30
Florian Wirtz,GER,2372,11,10,,20
Fodé Ballo-Touré,SEN,71,0,0,,26
Folarin Balogun,USA,1692,7,7,,22
Formose Mendy,SEN,1256,0,0,,22
Fran Beltrán,ESP,2428,0,0,,24
Fran Garcia,ESP,1398,1,1,,23
Fran Vieites,ESP,315,0,0,,24
Francesco Acerbi,ITA,2388,3,3,,35
Francesco Camarda,ITA,14,0,0,,15
Francesco Caputo,ITA,1268,3,2,,35
Francesco Gelli,ITA,1561,0,0,,26
Francesco Rossi,ITA,5,0,0,,32
Francis Coquelin,FRA,910,0,0,,32
Francisco Perez,ESP,2049,1,1,,20
Franck Honorat,FRA,2345,3,3,,26
Franco Cervi,ARG,546,0,0,,29
Frank Magri,CMR,1438,5,5,,23
Frank Onyeka,NGA,1161,1,1,,25
Frank Ronstadt,GER,76,0,0,,26
Frans Krätzig,GER,56,0,0,,20
François Mughe,CMR,177,0,0,,19
Fraser Hornby,SCO,217,0,0,,23
Fred Onyedinma,ENG,407,0,0,,26
Frederic Guilbert,FRA,2490,2,2,,28
Frederik Rønnow,DEN,2970,0,0,,30
Fredrik Jensen,FIN,1338,2,2,,25
Frenkie de Jong,NED,1634,2,2,,26
Fábio Silva,POR,264,0,0,,21
Gabriel Gudmundsson,SWE,1267,1,1,,24
Gabriel Jesus,BRA,1478,4,4,,26
Gabriel Magalhães,BRA,3044,4,4,,25
Gabriel Martinelli,BRA,2019,6,6,,22
Gabriel Osho,NGA,1846,2,2,,24
Gabriel Paulista,BRA,1803,0,0,,32
Gabriel Strefezza,BRA,1112,1,0,,26
Gabriel Suazo,CHI,2357,0,0,,25
Gabriel Veiga,ESP,18,0,0,,21
Gabriele Zappa,ITA,2561,1,1,,23
Gaetano Castrovilli,ITA,367,1,1,,26
Gaetano Oristanio,ITA,1104,2,2,,20
Gastón Álvarez,URU,2537,2,2,,23
Gautier Lloris,FRA,2778,2,2,,28
Gavi,ESP,944,1,1,,18
Gaëtan Laborde,FRA,1906,5,4,,29
Gedeon Kalulu,COD,970,0,0,,25
Gelabert,ESP,754,1,1,,22
Genki Haraguchi,JPN,27,0,0,,32
Gennaro Borrelli,ITA,24,0,0,,23
Geoffrey Kondogbia,CTA,1463,0,0,,30
George Baldock,GRE,969,0,0,,30
George Earthy,ENG,34,1,1,,18
George Pușcaș,ROU,191,0,0,,27
Georges Mikautadze,GEO,1747,13,10,,22
Gerard Gumbau,ESP,2674,0,0,,28
Gerard Moreno,ESP,2215,10,8,,31
Gerardo Fusco,ITA,15,0,0,,18
Germán Pezzella,ARG,2767,1,1,,32
Gerrit Holtmann,PHI,392,0,0,,28
Gerzino Nyamsi,CMR,1092,0,0,,26
Giacomo Bonaventura,ITA,2277,8,8,,33
Giacomo Corona,ITA,5,0,0,,19
Giacomo Raspadori,ITA,1584,5,5,,23
Gian Marco Ferrari,ITA,2272,1,1,,31
Giangiacomo Magnani,ITA,2444,0,0,,27
Gianluca Caprari,ITA,285,0,0,,30
Gianluca Gaetano,ITA,906,5,4,,23
Gianluca Lapadula,PER,1205,3,2,,33
Gianluca Mancini,ITA,2869,4,4,,27
Gianluca Scamacca,ITA,1453,12,12,,24
Gianluigi Donnarumma,ITA,2169,0,0,,24
Gift Orban,NGA,474,1,1,,21
Gino Caoki,FRA,7,0,0,,19
Gino Infantino,ARG,96,0,0,,20
Gio Reyna,USA,515,0,0,,20
Giorgi Kvernadze,GEO,63,0,0,,20
Giorgi Mamardashvili,GEO,3284,0,0,,22
Giorgio Cittadini,ITA,121,0,0,,21
Giorgio Scalvini,ITA,2544,1,1,,19
Giorgos Kyriakopoulos,GRE,1712,0,0,,27
Giovani Lo Celso,ARG,506,2,2,,27
Giovanni Bonfanti,ITA,89,0,0,,20
Giovanni Di Lorenzo,ITA,3234,1,1,,29
Giovanni Fabbian,ITA,1057,5,5,,20
Giovanni González,URU,2464,1,1,,28
Giovanni Simeone,ARG,800,1,1,,28
Giuliano Simeone,ARG,630,1,1,,20
Giulio Donati,ITA,36,0,0,,33
Giulio Maggiore,ITA,1800,4,4,,25
Giuseppe Caso,ITA,417,0,0,,24
Giuseppe Pezzella,ITA,1085,0,0,,25
Gleison Bremer,BRA,3233,3,3,,26
Gonzalo Escalante,ARG,1697,1,1,,30
Gonzalo García,ESP,19,0,0,,19
Gonzalo Melero,ESP,1103,1,1,,29
Gonzalo Montiel,ARG,801,0,0,,26
Gonzalo Villar,ESP,1803,1,1,,25
Gonçalo Guedes,POR,951,3,3,,26
Gonçalo Paciência,POR,650,3,3,,28
Gonçalo Ramos,POR,1419,11,10,,22
Gorka Guruzeta,ESP,2217,14,14,,26
Gorka Rivera Alonso,ESP,3,0,0,,18
Granit Xhaka,SUI,2821,3,3,,30
Grant Ranos,ARM,49,0,0,,20
Gregor Kobel,SUI,2365,0,0,,25
Grejohn Kyei,FRA,1026,2,1,,27
Grigoris Kastanos,CYP,1480,3,3,,25
Grischa Prömel,GER,2139,4,4,,28
Grégoire Coudert,FRA,181,0,0,,24
Grégoire Defrel,MTQ,757,1,1,,32
Guela Doué,CIV,1234,0,0,,20
Guglielmo Vicario,ITA,3420,0,0,,26
Guido Rodríguez,ARG,1846,2,2,,29
Guillaume Dietsch,FRA,73,0,0,,22
Guillaume Restes,FRA,3060,0,0,,18
Guillermo Maripán,CHI,1767,1,1,,29
Guillermo Ochoa,MEX,1890,0,0,,38
Gustav Isaksen,DEN,1074,3,3,,22
Gustavo Hamer,NED,2910,4,4,,26
Gustavo Puerta,COL,46,0,0,,20
Gvidas Gineitis,LTU,538,0,0,,19
Habib Diarra,SEN,2305,3,2,,19
Habib Keita,MLI,1278,1,1,,21
Habib Maïga,CIV,147,0,0,,27
Hakan Çalhanoğlu,TUR,2556,13,3,,29
Hamari Traoré,MLI,2292,0,0,,31
Hamed Junior Traorè,CIV,429,0,0,,23
Hamza Rafia,TUN,1204,1,1,,24
Han-Noah Massengo,FRA,16,0,0,,22
Hannes Delcroix,HAI,589,0,0,,24
Hannibal Mejbri,TUN,237,1,1,,20
Hans Hateboer,NED,1113,0,0,,29
Hans Nicolussi Caviglia,ITA,268,0,0,,23
Harrison Reed,ENG,1325,0,0,,28
Harry Kane,ENG,2839,36,31,,30
Harry Maguire,ENG,1653,2,2,,30
Harry Toffolo,ENG,1459,1,1,,27
Harry Wilson,WAL,1620,4,4,,26
Harvey Barnes,ENG,802,5,5,,25
Harvey Elliott,ENG,1352,3,3,,20
Hassane Kamara,CIV,2225,1,1,,29
Hendry Blank,GER,45,0,0,,18
Henrikh Mkhitaryan,ARM,2785,2,2,,34
Henrique,BRA,607,1,1,,29
Hianga'a Mbock,FRA,9,0,0,,23
Hicham Boudaoui,ALG,1613,2,2,,23
Hiroki Ito,JPN,2228,0,0,,24
Hjalmar Ekdal,SWE,437,0,0,,24
Houboulang Mendes,GNB,396,0,0,,25
Houssem Aouar,ALG,756,4,4,,25
Hrvoje Smolčić,CRO,347,1,1,,22
Hugo Boutsingkham,FRA,11,0,0,,20
Hugo Bueno,ESP,741,0,0,,20
Hugo Duro,ESP,2976,13,13,,23
Hugo Ekitike,FRA,725,4,4,,21
Hugo González,ESP,87,0,0,,20
Hugo Guillamón,ESP,1315,1,1,,23
Hugo Larsson,SWE,1886,2,2,,19
Hugo Magnetti,FRA,2340,2,2,,25
Hugo Sotelo,ESP,721,0,0,,19
Hugo Álvarez,ESP,762,1,1,,20
Hwang Hee-chan,KOR,2119,12,11,,27
Hákon Haraldsson,ISL,1284,2,2,,20
Héctor Bellerín,ESP,1711,0,0,,28
Héctor Fort,ESP,318,0,0,,16
Iago,BRA,1622,1,1,,26
Iago Aspas,ESP,2707,9,6,,35
Ian Maatsen,NED,1473,2,2,,21
Ianis Hagi,ROU,804,0,0,,24
Ibou Sané,SEN,128,1,1,,18
Ibrahim Cissoko,NED,241,1,1,,20
Ibrahim Diakité,GUI,109,0,0,,19
Ibrahim Salah,MAR,524,4,4,,21
Ibrahim Sangaré,CIV,1035,0,0,,25
Ibrahim Sulemana,GHA,1339,2,2,,20
Ibrahima Kebe,MLI,9,0,0,,22
Ibrahima Konaté,FRA,1574,0,0,,24
Ibrahima Koné,MLI,309,0,0,,24
Ibrahima Sissoko,MLI,1642,0,0,,25
Ichem Ferrah,FRA,3,0,0,,17
Iddrisu Baba,GHA,1430,0,0,,27
Idrissa Gana Gueye,SEN,1884,4,4,,33
Iglesias,ESP,1412,0,0,,25
Ignacio Miramon,ARG,39,0,0,,20
Ignasi Miquel,ESP,2992,1,1,,30
Ignatius Ganago,CMR,184,0,0,,24
Igor,BRA,1637,0,0,,25
Igor Carioca,BRA,262,0,0,,26
Igor Zubeldia,ESP,2518,0,0,,26
Ihlas Bebou,TOG,1636,7,7,,29
Iker Muniain,ESP,594,2,2,,30
Iker Muñoz,ESP,1854,4,4,,20
Ilaix Moriba,GUI,605,0,0,,20
Ilario Monterisi,ITA,1469,2,2,,21
Ilhan Fakili,FRA,94,0,0,,17
Ilia Gruev,BUL,4,0,0,,23
Ilias Akhomach,MAR,1511,2,2,,19
Iliman Ndiaye,SEN,1618,3,3,,23
Illia Zabarnyi,UKR,3330,1,1,,20
Imanol,ESP,525,0,0,,23
Imran Louza,MAR,863,1,1,,24
Ionuț Radu,ROU,180,0,0,,26
Iron Gomis,FRA,134,0,0,,23
Irvin Cardona,MLT,54,0,0,,25
Isaac Carcelen,ESP,2611,0,0,,30
Isaac Palazón Camacho,ESP,2791,4,2,,28
Isaac Romero,ESP,1039,4,4,,23
Isaac Success,NGA,880,1,1,,27
Isak Hansen-Aarøen,NOR,27,0,0,,18
Isak Hien,SWE,1801,0,0,,24
Isco,ESP,2326,8,6,,31
Ismail Jakobs,SEN,1466,1,1,,23
Ismaila Sarr,SEN,1447,3,3,,25
Ismaily,BRA,2465,1,1,,33
Ismaël Bennacer,ALG,1151,2,1,,25
Ismaël Doukouré,FRA,1656,0,0,,20
Ismaël Traoré,CIV,2220,2,2,,36
Issa Diop,FRA,1424,0,0,,26
Issa Kaboré,BFA,1729,0,0,,22
Issa Soumaré,SEN,237,0,0,,22
Issiaga Sylla,GUI,1455,1,1,,29
Ivan Cavaleiro,POR,770,1,1,,29
Ivan Ilić,SRB,2098,3,3,,22
Ivan Ordets,UKR,1880,1,1,,31
Ivan Perišić,CRO,103,0,0,,34
Ivan Provedel,ITA,2699,0,0,,29
Ivan Rakitić,CRO,1425,2,2,,35
Ivan Toney,ENG,1450,4,4,,27
Ivo Grbić,CRO,771,0,0,,27
Iván Alejo,ESP,1692,0,0,,28
Iván Balliu,ALB,2873,0,0,,31
Iván Cuéllar,ESP,90,0,0,,39
Iván Martín,ESP,2729,5,5,,24
Iván Villar,ESP,1014,0,0,,26
Iñaki González,ESP,5,0,0,,19
Iñaki Peña,ESP,900,0,0,,24
Iñaki Williams,GHA,2844,12,12,,29
Iñigo Arguibide,ESP,17,0,0,,18
Iñigo Lekue,ESP,2002,0,0,,30
Iñigo Martínez,ESP,1296,0,0,,32
Iñigo Ruiz de Galarreta,ESP,2091,1,1,,29
Jack Cork,ENG,27,0,0,,34
Jack Grealish,ENG,1009,3,3,,27
Jack Harrison,ENG,2214,3,3,,26
Jack Hinshelwood,ENG,869,3,3,,18
Jack Robinson,ENG,2885,1,1,,29
Jackson Tchatchoua,CMR,1725,0,0,,21
Jacob Brown,SCO,1019,2,2,,25
Jacob Bruun Larsen,DEN,1249,6,5,,24
Jacob Christensen,DEN,219,0,0,,22
Jacob Murphy,ENG,1189,3,3,,28
Jacob Ramsey,ENG,853,1,1,,22
Jacopo Fazzini,ITA,1232,1,1,,20
Jaden Philogene Bidace,ENG,4,0,0,,21
Jadon Sancho,ENG,1026,2,2,,23
Jaidon Anthony,ENG,152,0,0,,23
Jailson Siqueira,BRA,897,0,0,,27
Jaime Báez,URU,500,1,1,,28
Jaime Mata,ESP,1787,5,5,,34
Jaka Bijol,SVN,2084,0,0,,24
Jake O'Brien,IRL,2369,4,4,,22
Jakub Jankto,CZE,872,1,1,,27
Jakub Kamiński,POL,473,0,0,,21
Jakub Kiwior,POL,946,1,1,,23
Jakub Moder,POL,618,0,0,,24
Jamaal Lascelles,ENG,1080,1,1,,29
Jamal Musiala,GER,1755,10,10,,20
James Garner,ENG,3004,1,1,,22
James Hill,ENG,76,0,0,,21
James Maddison,ENG,2135,4,4,,26
James McConnell,ENG,4,0,0,,18
James Mcatee,ENG,1823,3,2,,20
James Milner,ENG,773,0,0,,37
James Shea,ENG,15,0,0,,32
James Tarkowski,ENG,3419,1,1,,30
James Tomkins,ENG,10,0,0,,34
James Trafford,ENG,2520,0,0,,20
James Ward-Prowse,ENG,3001,7,5,,28
Jamie Donley,NIR,3,0,0,,18
Jamie Gittens,ENG,1058,1,1,,18
Jamie Leweling,GER,1523,4,4,,22
Jan Oblak,SVN,3420,0,0,,30
Jan Paul van Hecke,NED,2369,0,0,,23
Jan Schöppner,GER,1998,2,2,,24
Jan Thielmann,GER,1579,1,1,,21
Jan-Carlo Simic,SRB,146,1,1,,18
Jan-Niklas Beste,GER,2603,8,8,,24
Janik Haberer,GER,1221,1,1,,29
Janis Blaswich,GER,1890,0,0,,32
Jannik Müller,GER,1134,0,0,,29
Jaouen Hadjam,ALG,112,0,0,,20
Jarell Quansah,ENG,1190,2,2,,20
Jarrad Branthwaite,ENG,3116,3,3,,21
Jarrod Bowen,ENG,3019,16,16,,26
Jason Steele,ENG,1530,0,0,,32
Jastin García,ESP,32,0,0,,19
Jaume Costa,ESP,1682,0,0,,35
Jaume Doménech,ESP,79,0,0,,32
Javi Galán,ESP,1163,0,0,,28
Javi Hernández,ESP,2514,1,1,,25
Javi López,ESP,2386,1,1,,21
Javier Guerra,ESP,2498,4,4,,20
Javier Llabrés,ESP,247,1,1,,20
Javier Manquillo,ESP,744,0,0,,29
Javier Muñoz,ESP,2640,2,2,,28
Javier Rueda Garcia,ESP,20,0,0,,21
Jay Rodriguez,ENG,822,2,1,,34
Jayden Bogle,ENG,2788,3,3,,23
Jayden Danns,ENG,9,0,0,,17
Jaïro Riedewald,NED,235,0,0,,26
Jean Mattéo Bahoya,FRA,177,0,0,,18
Jean Onana,CMR,566,1,1,,23
Jean-Charles Castelletto,CMR,2464,2,2,,28
Jean-Clair Todibo,FRA,2651,0,0,,23
Jean-Daniel Akpa-Akpro,CIV,705,0,0,,30
Jean-Kevin Duverne,HAI,1348,0,0,,26
Jean-Louis Leca,FRA,90,0,0,,37
Jean-Philippe Mateta,FRA,2282,16,14,,26
Jean-Ricner Bellegarde,HAI,1227,4,4,,25
Jean-Victor Makengo,FRA,479,0,0,,25
Jeanuël Belocian,FRA,1448,0,0,,18
Jefferson Lerma,COL,2400,1,1,,28
Jeffinho,BRA,308,1,1,,23
Jeffrey Gouweleeuw,NED,2593,1,1,,32
Jeffrey Schlupp,GHA,1352,2,2,,30
Jens Cajuste,SWE,1016,0,0,,23
Jens Grahl,GER,180,0,0,,34
Jens Odgaard,DEN,431,2,2,,24
Jens Petter Hauge,NOR,147,0,0,,23
Jens Stage,DEN,2327,3,3,,26
Jeong Woo-yeong,KOR,633,2,2,,23
Jeppe Corfitzen,DEN,9,0,0,,18
Jeremie Boga,CIV,1998,6,6,,26
Jeremie Frimpong,NED,2251,9,9,,22
Jeremy Doku,BEL,1706,4,4,,21
Jeremy Jorge,ESP,2,0,0,,20
Jeremy Toljan,GER,2083,0,0,,28
Jeremías Ledesma,ARG,3048,0,0,,30
Jesper Karlsson,SWE,344,0,0,,25
Jesper Lindstrøm,DEN,513,0,0,,23
Jessic Ngankam,GER,464,0,0,,23
Jessy Deminguet,FRA,690,0,0,,25
Jesurun Rak Sakyi,ENG,136,0,0,,20
Jesus Vazquez,ESP,716,1,1,,20
Jesús Areso,ESP,2660,1,1,,24
Jesús Corona,MEX,17,0,0,,30
Jesús Navas,ESP,2003,0,0,,37
Jesús Owono,EQG,360,0,0,,22
Jesús Vallejo,ESP,108,0,0,,26
Jhoanner Chávez,ECU,481,0,0,,21
Jhon Lucumí,COL,2217,0,0,,25
Jhon Solis,COL,384,0,0,,18
Jim Allevinah,GAB,1861,2,2,,28
Jimi Tauriainen,ENG,1,0,0,,19
Jiří Pavlenka,CZE,630,0,0,,31
Joachim Andersen,DEN,3415,2,2,,27
Joakim Mæhle,DEN,2452,2,2,,26
Joan Gonzàlez,ESP,1291,1,1,,21
Joan Jordán,ESP,380,0,0,,29
Joaquín Correa,ARG,430,0,0,,28
Joaquín Panichelli,ARG,226,0,0,,20
Joe Gomez,ENG,1786,0,0,,26
Joe Rothwell,ENG,386,0,0,,28
Joe Scally,USA,2236,1,1,,20
Joe White,ENG,13,0,0,,20
Joe Willock,ENG,419,1,1,,23
Joe Worrall,ENG,439,0,0,,26
Joel Asoro,SWE,848,2,2,,24
Joel Imasuen,USA,2,0,0,,18
Joel Mvuka,NOR,197,0,0,,20
Joel Ward,ENG,1980,0,0,,33
Joelinton,BRA,1279,2,2,,26
Johan Gastien,FRA,2260,0,0,,35
Johan Mojica,COL,2041,0,0,,30
Johan Vásquez,MEX,2850,1,1,,24
Johann Lepenant,FRA,253,0,0,,20
John Brooks,USA,1539,2,2,,30
John Egan,IRL,482,0,0,,30
John Fleck,SCO,92,0,0,,31
John McGinn,SCO,2999,6,6,,28
John Stones,ENG,1064,1,1,,29
Johnny Cardoso,USA,1328,1,1,,21
Jon Aramburu,VEN,543,0,0,,21
Jon Guridi,ESP,2678,3,3,,28
Jon Karrikaburu,ESP,16,0,0,,20
Jon Magunazelaia,ESP,121,0,0,,22
Jon Martin,ESP,24,0,0,,17
Jon Moncayola,ESP,1800,1,1,,25
Jon Pacheco,ESP,1526,1,1,,22
Jonas Föhrenbach,GER,2788,0,0,,27
Jonas Hofmann,GER,2204,5,5,,31
Jonas Martin,FRA,1208,0,0,,33
Jonas Omlin,SUI,630,0,0,,29
Jonas Wind,DEN,2651,11,11,,24
Jonathan Asp Jensen,DEN,1,0,0,,17
Jonathan Bamba,CIV,1981,3,3,,27
Jonathan Burkardt,GER,1538,8,7,,23
Jonathan Clauss,FRA,2068,3,3,,30
Jonathan David,CAN,2629,19,17,,23
Jonathan Gradit,FRA,2112,1,1,,30
Jonathan Ikone,FRA,1682,3,3,,25
Jonathan Norbye,NOR,1,0,0,,16
Jonathan Tah,GER,2631,4,4,,27
Jonathan Viera,ESP,1529,2,0,,33
Jonny Castro,ESP,5,0,0,,29
Jonny Evans,NIR,1392,0,0,,35
Jordan Amavi,FRA,91,1,1,,29
Jordan Ayew,GHA,2543,4,4,,31
Jordan Beyer,GER,1234,0,0,,23
Jordan Clark,ENG,1304,1,1,,29
Jordan Ferri,FRA,2031,1,1,,31
Jordan Lotomba,SUI,1804,1,1,,24
Jordan Pefok,USA,1447,5,5,,27
Jordan Pickford,ENG,3420,0,0,,29
Jordan Veretout,FRA,2183,1,1,,30
Jordan Zemura,ZIM,1038,1,1,,23
Jordi,ESP,573,0,0,,22
Jordi Mboula,ESP,307,0,0,,24
Jordy Makengo,FRA,1026,0,0,,21
Jorge Cuenca,ESP,1963,3,3,,23
Jorge Herrando,ESP,1644,0,0,,22
Jorge Meré,ESP,673,0,0,,26
Jorge Moreno,ESP,15,0,0,,22
Jorge de Frutos,ESP,1549,2,2,,26
Jorginho,ITA,921,0,0,,31
Joris Chotard,FRA,2587,0,0,,21
Joseba Zaldúa,ESP,704,0,0,,31
Joselu,ESP,1687,10,10,,33
Josep Martinez,ESP,3239,0,0,,25
Joseph Aidoo,GHA,407,0,0,,27
Joseph Johnson,ENG,77,0,0,,17
Joseph Nduquidi,FRA,751,0,0,,18
Joseph Nonge,BEL,24,0,0,,18
Joseph Okumu,KEN,1743,1,1,,26
Josh Brownhill,ENG,2252,4,4,,27
Josh Cullen,IRL,2057,2,2,,27
Josh Dasilva,ENG,24,0,0,,24
Josh Doig,SCO,2173,0,0,,21
Josh Wilson-Esbrand,ENG,461,1,1,,20
Josha Vagnoman,GER,1183,2,2,,22
Joshua Acheampong,ENG,6,0,0,,17
Joshua Kimmich,GER,2176,1,1,,28
Joshua M'Bahia,CIV,14,0,0,,18
Joshua Zirkzee,NED,2759,11,9,,22
Josip Brekalo,CRO,652,1,1,,25
Josip Juranović,CRO,1294,0,0,,27
Josip Stanišić,CRO,1261,3,3,,23
Josuha Guilavogui,FRA,409,0,0,,32
Josué Casimir,HAI,2016,0,0,,21
José Arnaiz,ESP,929,2,2,,28
José Callejón,ESP,803,0,0,,36
José Campaña,ESP,171,0,0,,30
José Luis García Vayá,ESP,3302,7,0,,24
José Luis Gayà,ESP,1791,1,1,,28
José Luis Morales,ESP,1048,7,7,,36
José Luis Palomino,ARG,27,0,0,,33
José Mari,ESP,14,0,0,,35
José María Giménez,URU,1326,0,0,,28
José Pozo,ESP,19,0,0,,27
José Sá,POR,3037,0,0,,30
Jovan Milošević,SRB,28,0,0,,18
Jovane Cabral,CPV,678,1,1,,25
João Cancelo,POR,2503,2,2,,29
João Costa,BRA,14,0,0,,18
João Ferreira,POR,1822,0,0,,22
João Félix,POR,1540,7,7,,23
João Gomes,BRA,2649,2,2,,22
João Palhinha,POR,2699,4,4,,28
João Pedro,BRA,2045,9,5,,21
Joël Matip,CMR,781,0,0,,31
Joël Veltman,NED,1588,1,1,,31
Joško Gvardiol,CRO,2328,4,4,,21
Juan Cruz,ARG,109,0,0,,24
Juan Cruz,ESP,76,0,0,,23
Juan Cruz Armada,ESP,1667,0,0,,31
Juan Cuadrado,COL,267,0,0,,35
Juan David Cabal,COL,1497,0,0,,22
Juan Foyth,ARG,1062,1,1,,25
Juan Herzog,ESP,292,2,2,,20
Juan Jesus,BRA,2116,1,1,,32
Juan Miranda,ESP,1858,1,1,,23
Juan Musso,ARG,990,0,0,,29
Juanlu Sánchez,ESP,1181,0,0,,19
Juanmi,ESP,873,3,3,,30
Juanmi Latasa,ESP,1555,2,2,,22
Juanpe,ESP,746,0,0,,32
Jude Bellingham,ENG,2315,19,18,,20
Julen Agirrezabala,ESP,238,0,0,,22
Jules Koundé,FRA,2899,1,1,,24
Julian Araujo,MEX,1462,1,1,,21
Julian Brandt,GER,2223,7,7,,27
Julian Chabot,GER,2703,0,0,,25
Julian Justvan,GER,1072,2,2,,25
Julian Ryerson,NOR,1767,4,4,,25
Julian Weigl,GER,2764,2,0,,27
Julien Duranville,BEL,12,0,0,,17
Julien Laporte,FRA,1818,0,0,,29
Julien Le Cardinal,FRA,531,0,0,,25
Julien Ponceau,FRA,2244,3,3,,22
Julio Enciso,PAR,475,0,0,,19
Julián Malatini,ARG,602,1,1,,22
Julián Álvarez,ARG,2647,11,9,,23
Junior Adamu,AUT,105,0,0,,22
Junior Dina Ebimbe,CMR,1956,5,5,,22
Junior Messias,BRA,1053,1,1,,32
Junior Mwanga,FRA,1450,1,1,,20
Junior Sambia,FRA,1032,1,1,,26
Junya Ito,JPN,2714,3,3,,30
Jurriën Timber,NED,71,0,0,,22
Justin Diehl,GER,168,0,0,,18
Justin Kluivert,NED,1916,7,7,,24
Justin Kumi,ITA,4,0,0,,19
Justin Njinmah,GER,1016,6,6,,22
Jáder Durán,COL,475,5,5,,19
Jérémie Bela,ANG,203,0,0,,30
Jérémy Jacquet,FRA,258,0,0,,18
Jérémy Le Douaron,FRA,1618,4,4,,25
Jérémy Sebas,MTQ,399,2,2,,20
Jérôme Boateng,GER,238,0,0,,34
Jérôme Roussillon,FRA,752,0,0,,30
Jóhann Berg Guðmundsson,ISL,1192,1,1,,32
Jørgen Strand Larsen,NOR,2863,13,13,,23
Kacper Urbanski,POL,926,0,0,,18
Kaelan Casey,ENG,1,0,0,,18
Kai Havertz,GER,2634,13,12,,24
Kaide Gordon,ENG,1,0,0,,18
Kaiky,BRA,523,1,1,,19
Kaine Kesler-Hayden,ENG,6,0,0,,20
Kaio Jorge,BRA,812,3,2,,21
Kalvin Phillips,ENG,402,0,0,,27
Kamil Jóźwiak,POL,571,0,0,,25
Kamil Piątkowski,POL,505,0,0,,23
Kamory Doumbia,MLI,879,6,6,,20
Kaoru Mitoma,JPN,1486,3,3,,26
Karamoko Dembélé,ENG,16,0,0,,20
Karim Adeyemi,GER,913,3,3,,21
Karim Onisiwo,AUT,1493,1,1,,31
Karl Etta Eyong,CMR,21,0,0,,19
Karlo Lulić,CRO,19,0,0,,27
Karol Linetty,POL,1858,0,0,,28
Karol Świderski,POL,504,2,2,,26
Kasim Nuhu,GHA,5,0,0,,28
Kassoum Ouattara,FRA,636,1,1,,18
Keane Lewis-Potter,ENG,1441,3,3,,22
Keinan Davis,ENG,186,1,1,,25
Keito Nakamura,JPN,1381,4,4,,23
Kelvin Amian,FRA,798,0,0,,25
Kelvin Yeboah,ITA,276,0,0,,23
Kenan Yıldız,TUR,952,2,2,,18
Kenneth Schmidt,GER,68,0,0,,21
Kenny Lala,MAD,2970,2,2,,31
Kenny Tete,NED,867,1,1,,27
Kepa Arrizabalaga,ESP,1198,0,0,,28
Keven Schlotterbeck,GER,2185,5,5,,26
Kevin Akpoguma,NGA,1097,0,0,,28
Kevin Behrens,GER,1878,5,5,,32
Kevin Bonifazi,ITA,399,0,0,,27
Kevin Danso,AUT,2655,1,1,,24
Kevin De Bruyne,BEL,1221,4,4,,32
Kevin Kampl,SVN,1363,1,1,,32
Kevin Mbabu,SUI,2047,0,0,,28
Kevin Miranda,ITA,14,0,0,,20
Kevin Müller,GER,3060,0,0,,32
Kevin Paredes,USA,1432,3,3,,20
Kevin Schade,GER,333,2,2,,21
Kevin Sessa,GER,1011,3,3,,23
Kevin Strootman,NED,1207,0,0,,33
Kevin Stöger,AUT,2668,7,3,,29
Kevin Trapp,GER,2880,0,0,,33
Kevin Vogt,GER,2642,0,0,,31
Kevin Volland,GER,1345,3,1,,31
Kevin Vázquez,ESP,700,0,0,,30
Kevin Zeroli,ITA,28,0,0,,18
Keyliane Abdallah,FRA,4,0,0,,17
Keylor Navas,CRC,360,0,0,,36
Khalil Fayad,FRA,1025,3,3,,19
Khvicha Kvaratskhelia,GEO,2737,11,11,,22
Khéphren Thuram,FRA,2108,1,1,,22
Kieffer Moore,WAL,108,1,1,,30
Kieran Tierney,SCO,1238,0,0,,26
Kieran Trippier,ENG,2236,1,1,,32
Kike Barja,ESP,303,0,0,,26
Kike Pérez,ESP,835,1,1,,26
Kike Salas,ESP,1605,3,3,,21
Kiko Femenía,ESP,1583,0,0,,32
Kiké,ESP,1423,3,3,,33
Kilian Fischer,GER,291,0,0,,22
Kiliann Sildillia,FRA,1806,0,0,,21
Kim Min-jae,KOR,1970,1,1,,26
Kingsley Coman,FRA,1113,3,3,,27
Kingsley Ehizibue,NED,955,0,0,,28
Kingstone Mutandwa,ZAM,39,1,1,,20
Kirian Rodríguez,ESP,3211,6,6,,27
Kjell-Arik Wätjen,GER,105,0,0,,17
Klaus Gjasula,ALB,1363,0,0,,33
Ko Itakura,JPN,1596,3,3,,26
Kobbie Mainoo,ENG,1924,3,3,,18
Koen Casteels,BEL,2250,0,0,,31
Koffi Djidji,CIV,759,0,0,,30
Koffi Kouao,CIV,860,0,0,,25
Kofi Amoako,GER,2,0,0,,18
Koke,ESP,2493,0,0,,31
Komnen Andrić,SRB,169,0,0,,28
Koni De Winter,BEL,2380,0,0,,21
Konrad Laimer,AUT,1772,0,0,,26
Konstantinos Mavropanos,GRE,1500,1,1,,25
Kostas Manolas,GRE,488,0,0,,32
Kostas Tsimikas,GRE,679,0,0,,27
Kristian Thorstvedt,NOR,2397,6,6,,24
Kristijan Jakić,CRO,1251,2,2,,26
Kristjan Asllani,ALB,787,1,1,,21
Kristoffer Ajer,NOR,1832,2,2,,25
Krépin Diatta,SEN,1206,0,0,,24
Kurt Zouma,FRA,2838,3,3,,28
Kyle Walker,ENG,2767,0,0,,33
Kylian Mbappé,FRA,2158,27,21,,24
Kévin Gameiro,FRA,1346,4,2,,36
Kévin Keben Biakolo,CMR,521,0,0,,19
Kévin N'Doram,FRA,1604,0,0,,27
Kévin Van Den Kerkhof,ALG,1913,1,1,,27
Lameck Banda,ZAM,1350,2,2,,22
Lamine Camara,SEN,2255,1,1,,19
Lamine Diack,SEN,1,0,0,,22
Lamine Yamal,ESP,2201,5,5,,16
Lapo Nava,ITA,3,0,0,,19
Largie Ramazani,BEL,1555,3,3,,22
Lassana Coulibaly,MLI,2082,0,0,,27
Laurent Abergel,FRA,2860,2,2,,30
Lautaro Gianetti,ARG,630,1,1,,29
Lautaro Martínez,ARG,2656,24,22,,25
Layvin Kurzawa,FRA,9,0,0,,30
Lazar Samardzic,SRB,2372,6,5,,21
Leander Dendoncker,BEL,143,1,1,,28
Leandro Barreiro Martins,LUX,2606,4,4,,23
Leandro Paredes,ARG,2634,3,0,,29
Leandro Trossard,BEL,1649,12,12,,28
Leart Paqarada,KVX,1075,0,0,,28
Lebo Mothiba,RSA,617,3,3,,27
Lee Jae-sung,KOR,2113,6,6,,30
Lee Kang-in,KOR,1464,3,3,,22
Lennard Maloney,USA,2284,1,1,,23
Leny Yoro,FRA,2673,2,2,,17
Leo Skiri Østigård,NOR,1625,1,1,,23
Leon Bailey,JAM,2068,10,10,,25
Leon Chiwome,ENG,174,0,0,,17
Leon Goretzka,GER,2241,6,6,,28
Leon Opitz,GER,18,0,0,,18
Leonardo Balerdi,ARG,2271,2,2,,24
Leonardo Bittencourt,GER,1578,1,1,,29
Leonardo Bonucci,ITA,460,1,0,,36
Leonardo Cerri,ITA,7,0,0,,20
Leonardo Mendicino,ITA,1,0,0,,17
Leonardo Pavoletti,ITA,628,4,4,,34
Leonardo Spinazzola,ITA,1312,1,1,,30
Leonidas Stergiou,SUI,594,1,1,,21
Leroy Sané,GER,2137,8,8,,27
Lesley Ugochukwu,FRA,301,0,0,,19
Levi Colwill,ENG,1797,1,1,,20
Lewis Cook,ENG,2786,0,0,,26
Lewis Dobbin,ENG,232,1,1,,20
Lewis Dunk,ENG,2869,3,3,,31
Lewis Ferguson,SCO,2712,6,6,,23
Lewis Hall,ENG,781,1,1,,18
Lewis Miley,ENG,1202,1,1,,17
Lewis Warrington,ENG,1,0,0,,20
Liam Henderson,SCO,5,0,0,,27
Liberato Cacace,NZL,1912,0,0,,22
Lilian Brassier,FRA,2677,3,3,,23
Lilian Egloff,GER,106,0,0,,20
Linton Maina,GER,1901,1,1,,24
Lisandro Martínez,ARG,646,0,0,,25
Lloyd Kelly,ENG,1559,0,0,,24
Logan Costa,CPV,2650,1,1,,22
Lorenz Assignon,TOG,2245,2,2,,23
Lorenzo Amatucci,ITA,22,0,0,,19
Lorenzo Colombo,ITA,1359,4,4,,21
Lorenzo De Silvestri,ITA,674,2,2,,35
Lorenzo Lucca,ITA,2592,8,8,,22
Lorenzo Montipò,ITA,3330,0,0,,27
Lorenzo Pellegrini,ITA,1859,8,7,,27
Lorenzo Pirola,ITA,1987,1,1,,21
Lorenzo Venuti,ITA,364,0,0,,28
Loris Karius,GER,90,0,0,,30
Loris Mouyokolo,FRA,90,0,0,,22
Loum Tchaouna,FRA,2100,4,4,,19
Lovro Majer,CRO,2122,5,3,,25
Lovro Zvonarek,CRO,163,1,1,,18
Loïc Bade,FRA,2277,0,0,,23
Loïc Nego,HUN,1561,0,0,,32
Loïs Openda,BEL,2697,24,22,,23
Luca Caldirola,ITA,2141,1,1,,32
Luca Garritano,ITA,485,0,0,,29
Luca Gemello,ITA,180,0,0,,23
Luca Kilian,GER,635,0,0,,23
Luca Koleosho,ITA,974,1,1,,18
Luca Lipani,ITA,384,0,0,,18
Luca Mazzitelli,ITA,2210,5,5,,27
Luca Netz,GER,2225,0,0,,20
Luca Pellegrini,ITA,786,1,1,,24
Luca Pfeiffer,GER,1619,1,1,,26
Luca Raimund,GER,30,0,0,,18
Luca Ranieri,ITA,2065,2,2,,24
Luca Waldschmidt,GER,1146,3,3,,27
Luca de la Torre,USA,1956,1,1,,25
Lucas,BRA,1539,1,1,,22
Lucas Beltrán,ARG,1692,6,5,,22
Lucas Beraldo,BRA,1008,1,1,,19
Lucas Boyé,ARG,2541,6,6,,27
Lucas Chevalier,FRA,2969,0,0,,21
Lucas Digne,FRA,2410,1,1,,30
Lucas Hernández,FRA,1909,1,1,,27
Lucas Höler,GER,2305,7,6,,29
Lucas Martínez Quarta,ARG,2291,5,5,,27
Lucas Michal,FRA,7,0,0,,18
Lucas Mincarelli,FRA,978,1,1,,19
Lucas Ocampos,ARG,2871,4,3,,29
Lucas Paquetá,BRA,2622,4,2,,25
Lucas Perrin,FRA,2723,0,0,,24
Lucas Robertone,ARG,2381,0,0,,26
Lucas Torró,ESP,1788,1,1,,29
Lucas Tousart,FRA,1572,0,0,,26
Lucas Vázquez,ESP,1419,3,3,,32
Lucien Agoume,FRA,782,0,0,,21
Luck Zogbé,CIV,11,0,0,,18
Ludovic Ajorque,FRA,1360,2,2,,29
Ludovic Blas,FRA,1563,4,3,,25
Luigi Canotto,ITA,16,0,0,,29
Luis Alberto,ESP,2311,5,5,,30
Luis Díaz,COL,2629,8,8,,26
Luis Henrique,BRA,784,1,1,,21
Luis Hernández,ESP,723,1,1,,34
Luis Javier Suárez,COL,917,6,5,,25
Luis Milla,ESP,2115,0,0,,28
Luis Muriel,COL,409,2,2,,32
Luis Rioja,ESP,2498,5,2,,29
Luis Sinisterra,COL,699,2,2,,24
Luiz Felipe,ITA,360,0,0,,26
Luiz Henrique,BRA,616,0,0,,22
Luka Jović,SRB,877,6,6,,25
Luka Modrić,CRO,1688,2,2,,37
Luka Romero,ARG,526,3,3,,18
Lukas Daschner,GER,536,1,1,,24
Lukas Klostermann,GER,1436,1,1,,27
Lukas Kübler,GER,1847,1,1,,30
Lukas Nmecha,GER,42,1,1,,24
Lukas Ullrich,GER,47,0,0,,19
Luke Berry,ENG,323,2,2,,31
Luke Harris,WAL,75,0,0,,18
Luke Shaw,ENG,959,0,0,,28
Luke Thomas,ENG,917,0,0,,22
Lukáš Hrádecký,FIN,2970,0,0,,33
Luís Maximiano,POR,2970,0,0,,24
Lyle Foster,RSA,1899,5,5,,22
Lázaro,BRA,285,0,0,,21
Léo Baptistão,BRA,1837,6,6,,30
Léo Leroy,FRA,499,0,0,,23
M'Bala Nzola,ANG,1552,3,2,,26
M'Baye Niang,SEN,708,6,2,,28
Mads Juel Andersen,DEN,400,1,1,,25
Mads Pedersen,DEN,1786,1,1,,26
Mads Roerslev,DEN,1985,1,1,,24
Maduka Okoye,NGA,1890,0,0,,23
Maghnes Akliouche,FRA,1613,7,7,,21
Mahamadou Diawara,FRA,358,0,0,,18
Mahamadou Nagida,CMR,106,0,0,,18
Mahdi Camara,FRA,2020,7,6,,25
Mahmoud Dahoud,GER,679,1,1,,27
Mahmut Kücüksahin,,1,0,0,,19
Makoto Hasebe,JPN,218,0,0,,39
Malick Fofana,BEL,559,3,3,,18
Malick Mbaye,SEN,153,0,0,,19
Malick Thiaw,GER,1619,0,0,,21
Malo Gusto,FRA,1751,0,0,,20
Mama Samba Baldé,GNB,551,2,2,,27
Mamadou Coulibaly,FRA,118,0,0,,19
Mamadou Coulibaly,SEN,3,0,0,,24
Mamadou Diakhon,FRA,209,0,0,,17
Mamadou Mbaye,SEN,288,0,0,,25
Mamadou Sakho,FRA,7,0,0,,33
Mamadou Sarr,SEN,8,0,0,,17
Mamadou Sylla,SEN,18,0,0,,29
Mamady Bangré,BFA,101,0,0,,22
Manor Solomon,ISR,199,0,0,,24
Manu Bueno,ESP,117,0,0,,19
Manu Koné,FRA,1561,1,1,,22
Manu Morlanes,ESP,1615,0,0,,24
Manu Sánchez,ESP,1775,0,0,,22
Manu Trigueros,ESP,309,0,0,,31
Manuel Akanji,SUI,2511,2,2,,28
Manuel Gulde,GER,2047,1,1,,32
Manuel Lazzari,ITA,1671,0,0,,29
Manuel Locatelli,ITA,3008,1,1,,25
Manuel Neuer,GER,2053,0,0,,37
Manuel Riemann,GER,2970,0,0,,34
Manuel Ugarte,URU,1932,0,0,,22
Marash Kumbulla,ALB,362,0,0,,23
Marc Bartra,ESP,225,0,0,,32
Marc Cardona,ESP,737,4,3,,28
Marc Casado,ESP,15,0,0,,19
Marc Cucurella,ESP,1782,0,0,,25
Marc Guiu,ESP,74,1,1,,17
Marc Guéhi,ENG,2021,0,0,,23
Marc Martínez,ESP,270,0,0,,33
Marc Pubill,ESP,1883,1,1,,20
Marc Roca,ESP,1980,2,2,,26
Marc-André ter Stegen,GER,2520,0,0,,31
Marcel Sabitzer,AUT,1961,4,3,,29
Marcel Schuhen,GER,2790,0,0,,30
Marciano Tchami,GNB,43,0,0,,19
Marcin Bułka,POL,3060,0,0,,23
Marcin Listkowski,POL,8,0,0,,25
Marco Asensio,ESP,1113,4,4,,27
Marco Bizot,NED,2876,0,0,,32
Marco Brescianini,ITA,2321,4,4,,23
Marco Carnesecchi,ITA,2425,0,0,,23
Marco Friedl,AUT,2197,1,1,,25
Marco Mancosu,ITA,156,0,0,,34
Marco Pellegrino,ARG,613,0,0,,21
Marco Reus,GER,1601,6,6,,34
Marco Richter,GER,717,1,1,,25
Marco Silvestri,ITA,1530,0,0,,32
Marco Sportiello,ITA,630,0,0,,31
Marcos Acuña,ARG,1292,1,1,,31
Marcos Alonso,ESP,252,0,0,,32
Marcos Llorente,ESP,2565,6,6,,28
Marcos Peña,ESP,441,0,0,,18
Marcos Senesi,ARG,2242,4,4,,26
Marcus Coco,FRA,1481,1,1,,27
Marcus Müller,GER,18,0,0,,20
Marcus Pedersen,NOR,1613,0,0,,23
Marcus Rashford,ENG,2271,7,5,,25
Marcus Tavernier,ENG,2118,3,3,,24
Marcus Thuram,FRA,2687,13,13,,25
Marcão,BRA,355,0,0,,27
Mariano,DOM,244,0,0,,29
Marin Pongračić,CRO,3219,0,0,,25
Mario Dominguez,ESP,25,0,0,,19
Mario Gila,ESP,1809,0,0,,22
Mario Götze,GER,2068,3,3,,31
Mario Hermoso,ESP,2557,0,0,,28
Mario Lemina,GAB,2968,4,4,,29
Mario Martín,ESP,18,0,0,,19
Mario Pašalić,CRO,2051,6,4,,28
Marius Bülter,GER,1351,1,1,,30
Marius Wolf,GER,1166,0,0,,28
Mark Flekken,NED,3285,0,0,,30
Mark O'Mahony,IRL,63,0,0,,18
Mark Travers,IRL,360,0,0,,24
Mark Uth,GER,373,0,0,,31
Marko Arnautović,AUT,801,5,5,,34
Marko Dmitrović,SRB,1170,0,0,,31
Marko Milovanović,SRB,308,1,1,,19
Marko Mladenović,SRB,6,0,0,,18
Marley Aké,FRA,10,0,0,,22
Marnon Busch,GER,595,0,0,,28
Marquinhos,BRA,1691,0,0,,20
Marshall Munetsi,ZIM,2173,4,4,,27
Marten de Roon,NED,2599,0,0,,32
Martin Dúbravka,SVK,1985,0,0,,34
Martin Erlic,CRO,2618,1,1,,25
Martin Hongla,CMR,1646,0,0,,25
Martin Satriano,URU,1864,4,4,,22
Martin Terrier,FRA,1527,7,7,,26
Martin Valjent,SVK,2349,0,0,,27
Martin Ødegaard,NOR,3091,8,6,,24
Martín Payero,ARG,1796,2,2,,24
Martín Zubimendi,ESP,2654,4,4,,24
Marvelous Nakamba,ZIM,1130,0,0,,29
Marvin,ESP,1855,0,0,,23
Marvin Cuni,ALB,534,1,1,,22
Marvin Ducksch,GER,2696,12,7,,29
Marvin Friedrich,GER,1566,0,0,,27
Marvin Mehlem,GER,1482,3,3,,25
Marvin Pieringer,GER,1513,3,3,,23
Marvin Schwäbe,GER,3060,0,0,,28
Marvin Senaya,TOG,2138,1,1,,22
Masaya Okugawa,JPN,32,0,0,,27
Mason Burstow,ENG,9,0,0,,19
Mason Greenwood,ENG,2662,8,6,,21
Mason Holgate,JAM,710,0,0,,26
Mason Mount,ENG,516,1,1,,24
Massadio Haïdara,MLI,741,0,0,,30
Massamba Ndiaye,SEN,360,0,0,,21
Matej Kovar,CZE,90,0,0,,23
Matej Maglica,CRO,1698,1,1,,24
Mateo Kovačić,CRO,1551,1,1,,29
Mateo Retegui,ITA,2216,7,6,,24
Mateu Morey,ESP,110,0,0,,23
Mateus Lusuardi,BRA,219,0,0,,19
Mateusz Wieteska,POL,1139,1,1,,26
Mateusz Łęgowski,POL,1145,0,0,,20
Matheus Cunha,BRA,2440,12,11,,24
Matheus França,BRA,232,0,0,,19
Matheus Henrique,BRA,2501,2,2,,25
Matheus Nunes,POR,840,0,0,,24
Mathias Honsak,AUT,1021,1,1,,26
Mathias Jensen,DEN,2204,3,3,,27
Mathias Jørgensen,DEN,1087,1,1,,33
Mathias Olesen,LUX,112,0,0,,22
Mathias Pereira Lage,POR,1187,3,3,,26
Mathieu Gorgelin,FRA,90,0,0,,32
Mathis Lambourde,FRA,10,0,0,,17
Mathys Tel,FRA,1050,7,7,,18
Mathías Olivera,URU,1569,1,1,,25
Matias Arezo,URU,369,0,0,,20
Matija Nastasić,SRB,2258,2,2,,30
Mats Hummels,GER,1581,3,3,,34
Matt Doherty,IRL,1150,1,1,,31
Matt Ritchie,SCO,128,1,1,,33
Matt Targett,ENG,78,0,0,,27
Matt Turner,USA,1530,0,0,,29
Matteo Cancellieri,ITA,1788,4,4,,21
Matteo Darmian,ITA,2404,2,2,,33
Matteo Gabbia,ITA,1752,2,2,,23
Matteo Lovato,ITA,1491,0,0,,23
Matteo Perez Vinlöf,SWE,16,0,0,,17
Matteo Pessina,ITA,3222,6,2,,26
Matteo Politano,ITA,2360,8,6,,29
Matteo Prati,ITA,1972,1,1,,19
Matteo Ruggeri,ITA,2449,0,0,,21
Matthias Bader,GER,1802,1,1,,26
Matthias Ginter,GER,1913,0,0,,29
Matthieu Udol,FRA,2700,3,3,,27
Matthijs de Ligt,NED,1390,2,2,,23
Matthis Abline,FRA,1044,5,5,,20
Mattia Bani,ITA,2306,2,2,,29
Mattia Caldara,ITA,33,0,0,,29
Mattia De Sciglio,ITA,45,0,0,,30
Mattia Destro,ITA,366,0,0,,32
Mattia Perin,ITA,225,0,0,,30
Mattia Viti,ITA,979,1,1,,21
Mattia Zaccagni,ITA,1956,6,6,,28
Mattias Svanberg,SWE,1715,1,1,,24
Matty Cash,POL,2142,2,2,,25
Mattéo Guendouzi,FRA,2386,2,2,,24
Matz Sels,BEL,3150,0,0,,31
Matìas Soulé,ARG,3121,11,6,,20
Matías Vecino,URU,1153,6,6,,31
Matías Viña,URU,1014,0,0,,25
Matúš Bero,SVK,1661,1,1,,27
Mauro Arambarri,URU,339,0,0,,27
Max Aarons,ENG,1237,0,0,,23
Max Finkgräfe,GER,1756,1,1,,19
Max Kilman,ENG,3420,2,2,,26
Max Lowe,ENG,503,0,0,,26
Max Moerstedt,GER,12,0,0,,17
Max Svensson,ESP,3,0,0,,21
Maxence Caqueret,FRA,3022,1,1,,23
Maxence Lacroix,FRA,2362,4,4,,23
Maxi Gómez,URU,1163,0,0,,26
Maxim Leitsch,GER,379,0,0,,25
Maxime Busi,BEL,162,0,0,,23
Maxime Colin,FRA,1832,0,0,,31
Maxime Estève,FRA,2304,1,1,,21
Maxime Gonalons,FRA,1296,1,1,,34
Maxime Lopez,FRA,940,0,0,,25
Maximilian Arnold,GER,2506,2,2,,29
Maximilian Bauer,GER,810,1,1,,23
Maximilian Beier,GER,2420,16,16,,20
Maximilian Breunig,GER,9,0,0,,22
Maximilian Eggestein,GER,2914,1,1,,26
Maximilian Mittelstädt,GER,2103,2,2,,26
Maximilian Philipp,GER,323,1,1,,29
Maximilian Wittek,GER,1070,3,3,,27
Maximilian Wöber,AUT,2066,2,2,,25
Maximiliano Caufriez,BEL,1659,0,0,,26
Maxwel Cornet,CIV,112,1,1,,26
Medon Berisha,ALB,205,0,0,,19
Mehdi Bourabia,MAR,200,0,0,,31
Mehdi Zeffane,ALG,1231,0,0,,31
Melvin Bard,FRA,2654,1,1,,22
Memphis,NED,893,5,5,,29
Mergim Berisha,GER,266,0,0,,25
Merlin Röhl,GER,1477,2,2,,21
Mert Kömür,GER,118,1,1,,18
Merveille Papela,GER,257,0,0,,22
Michael Amir Murillo,PAN,997,3,3,,27
Michael Folorunsho,ITA,2781,5,5,,25
Michael Gregoritsch,AUT,1682,7,7,,29
Michael Kayode,ITA,2058,1,1,,19
Michael Keane,ENG,439,1,1,,30
Michael Ndiweni,ENG,1,0,0,,19
Michael Obafemi,IRL,20,0,0,,23
Michael Olakigbe,ENG,59,0,0,,19
Michael Olise,FRA,1275,10,9,,21
Michael Zetterer,GER,2430,0,0,,28
Michail Antonio,JAM,1695,6,6,,33
Michel Aebischer,SUI,2230,0,0,,26
Michel Ndary Adopo,FRA,109,0,0,,23
Michele Cerofolini,ITA,675,0,0,,24
Michele Di Gregorio,ITA,2872,0,0,,26
Micky van de Ven,NED,2339,3,3,,22
Miguel,ESP,65,0,0,,23
Miguel Almirón,PAR,1937,3,3,,29
Miguel Gutiérrez,ESP,3032,2,2,,22
Miguel Rodríguez,ESP,300,0,0,,20
Miguel Ángel Rubio,ESP,1560,1,1,,25
Mihailo Ristić,SRB,808,0,0,,27
Mika Mármol,ESP,3178,0,0,,22
Mike Maignan,FRA,2609,0,0,,28
Mike Trésor,BEL,420,0,0,,24
Mikel Jauregizar,ESP,151,0,0,,19
Mikel Merino,ESP,2482,5,5,,27
Mikel Oyarzabal,ESP,2156,9,7,,26
Mikel Vesga,ESP,1534,3,1,,30
Mikey Moore,ENG,4,0,0,,15
Mikkel Damsgaard,DEN,842,0,0,,23
Mikkel Desler,DEN,1544,0,0,,28
Mikkel Kaufmann,DEN,486,1,1,,22
Milan Badelj,CRO,2535,1,1,,34
Milan Đurić,BIH,2461,9,8,,33
Milan Škriniar,SVK,1629,0,0,,28
Mile Svilar,SRB,1350,0,0,,23
Milos Kerkez,HUN,1970,0,0,,19
Miloš Pantović,SRB,15,1,1,,27
Miloš Veljković,SRB,1920,2,2,,27
Milutin Osmajić,MNE,5,0,0,,24
Mirko Marić,CRO,287,1,1,,28
Mitchel Bakker,NED,382,1,1,,23
Mitchell Weiser,GER,2636,3,3,,29
Modibo Sagnan,MLI,1054,2,2,,24
Mohamed Ali Cho,FRA,1110,1,1,,19
Mohamed Bamba,CIV,1138,8,7,,21
Mohamed Bechikh,FRA,14,0,0,,18
Mohamed Bouchenna,FRA,29,0,0,,17
Mohamed Camara,MLI,1035,1,0,,23
Mohamed Daramy,DEN,1648,4,3,,21
Mohamed El Arouch,FRA,2,0,0,,19
Mohamed Elneny,EGY,28,0,0,,31
Mohamed Kaba,FRA,1378,0,0,,21
Mohamed Lamine Bayo,GUI,1389,5,3,,25
Mohamed Salah,EGY,2534,18,13,,31
Mohamed Simakan,FRA,2138,2,2,,23
Mohammed Kudus,GHA,2484,8,8,,22
Mohammed Salisu,GHA,1035,0,0,,24
Moi Gómez,ESP,2006,3,3,,29
Moise Kean,ITA,654,0,0,,23
Moisés Caicedo,ECU,2866,1,1,,21
Montassar Talbi,TUN,2204,0,0,,25
Morgan Gibbs-White,ENG,3156,5,4,,23
Morgan Guilavogui,GUI,566,2,2,,25
Morgan Rogers,ENG,638,3,3,,21
Morgan Sanson,FRA,1964,2,2,,28
Moritz Broschinski,GER,1247,2,2,,22
Moritz Jenz,GER,1742,0,0,,24
Moritz Nicolas,GER,2430,0,0,,25
Moritz-Broni Kwarteng,GHA,281,0,0,,25
Morten Frendrup,DEN,3145,2,2,,22
Morten Thorsby,NOR,1157,2,2,,27
Mory Diaw,SEN,2700,0,0,,30
Moses Simon,NGA,1788,3,2,,28
Mostafa Mohamed,EGY,2002,8,5,,25
Mouctar Diakhaby,GUI,1073,1,1,,26
Moussa Diaby,FRA,2174,6,6,,24
Moussa Diakité,MLI,1,0,0,,19
Moussa Diarra,MLI,1397,1,1,,22
Moussa Niakhate,SEN,1460,1,1,,27
Moussa Sissoko,FRA,1821,0,0,,33
Moïse Sahi Dion,CIV,628,3,3,,21
Muhammed Cham,AUT,2554,8,4,,22
Munir El Haddadi,MAR,2449,3,3,,27
Murillo,BRA,2789,0,0,,21
Musa Al-Taamari,JOR,1928,5,5,,26
Mykhailo Mudryk,UKR,1576,5,5,,22
Myles Peart-Harris,ENG,13,0,0,,20
Myron Boadu,NED,85,1,1,,22
Myrto Uzuni,ALB,2448,11,7,,28
Mário Rui,POR,1205,0,0,,32
Máximo Perrone,ARG,1623,0,0,,20
Mërgim Vojvoda,KVX,1379,0,0,,28
N'Guessan Kouadio,CIV,110,0,0,,20
Naatan Skyttä,FIN,120,0,0,,21
Nabil Aberdin,FRA,180,0,0,,20
Nabil Alioui,FRA,1009,4,4,,24
Nabil Bentaleb,ALG,1967,0,0,,28
Nabil Fekir,FRA,1049,1,1,,30
Naby Keïta,GUI,109,0,0,,28
Nacho,ESP,1746,0,0,,33
Nacho Ferri,ESP,74,1,1,,18
Nacho Vidal,ESP,512,1,1,,28
Nadiem Amiri,GER,1401,1,1,,26
Nadir Zortea,ITA,1407,2,2,,24
Nahitan Nández,URU,2341,2,1,,27
Nahuel Molina,ARG,1852,2,2,,25
Nahuel Tenaglia,ARG,1141,1,1,,27
Nampalys Mendy,SEN,1052,0,0,,31
Naouirou Ahamada,FRA,349,0,0,,21
Natan,BRA,952,0,0,,22
Nathan Aké,NED,2042,2,2,,28
Nathan Collins,IRL,2652,1,1,,22
Nathan Fraser,IRL,186,0,0,,18
Nathan N'Goumou,CMR,1385,5,5,,23
Nathan Patterson,SCO,1005,0,0,,21
Nathan Redmond,ENG,142,0,0,,29
Nathan Tella,NGA,819,5,5,,24
Nathan Zeze,FRA,1022,0,0,,18
Nathanael Mbuku,COD,5,0,0,,21
Nathaniel Adjei,GHA,1243,0,0,,20
Nathaniel Clyne,ENG,1338,0,0,,32
Nayef Aguerd,MAR,1857,1,1,,27
Neal Maupay,FRA,1432,6,6,,26
Neco Williams,WAL,1637,0,0,,22
Nedim Bajrami,ALB,1310,2,2,,24
Nehuén Pérez,ARG,3238,0,0,,23
Neil El Aynaoui,MAR,1566,1,1,,22
Nelson Weiper,GER,124,0,0,,18
Nemanja Gudelj,SRB,1742,1,1,,31
Nemanja Maksimović,SRB,3265,4,4,,28
Nemanja Matić,SRB,2281,0,0,,34
Nemanja Radonjić,SRB,727,3,3,,27
Neto,BRA,2880,0,0,,34
Neto Borges,BRA,2516,0,0,,26
Niccolò Pierozzi,ITA,871,1,1,,21
Niccolò Pisilli,ITA,10,0,0,,18
Nick Pope,ENG,1345,0,0,,31
Nick Woltemade,GER,1189,2,2,,21
Niclas Füllkrug,GER,2392,12,9,,30
Nico Elvedi,SUI,2482,2,2,,26
Nico Schlotterbeck,GER,2859,2,2,,23
Nico Williams,ESP,2263,5,5,,21
Nicola Bagnolini,ITA,5,0,0,,19
Nicola Leali,ITA,176,0,0,,30
Nicola Sansone,ITA,767,2,2,,31
Nicola Zalewski,POL,968,0,0,,21
Nicolai Rapp,GER,76,0,0,,26
Nicolas Cozza,FRA,1171,0,0,,24
Nicolas Haas,SUI,90,0,0,,27
Nicolas Höfler,GER,2330,1,1,,33
Nicolas Jackson,SEN,2799,14,14,,22
Nicolas Pallois,FRA,1589,0,0,,35
Nicolas Seiwald,AUT,718,0,0,,22
Nicolas Viola,ITA,1207,5,5,,33
Nicolás Domínguez,ARG,1597,2,2,,25
Nicolás González,ARG,1913,12,11,,25
Nicolás Paz,ARG,23,0,0,,18
Nicolás Tagliafico,ARG,2123,3,3,,30
Nicolò Barella,ITA,2846,2,2,,26
Nicolò Cambiaghi,ITA,2553,1,1,,22
Nicolò Casale,ITA,1559,0,0,,25
Nicolò Fagioli,ITA,437,0,0,,22
Nicolò Rovella,ITA,1318,0,0,,21
Nicolò Zaniolo,ITA,839,2,2,,24
Niels Nkounkou,FRA,1309,3,3,,22
Nikita Contini Baranovsky,ITA,17,0,0,,27
Niklas Dorsch,GER,1386,0,0,,25
Niklas Schmidt,GER,1269,1,1,,25
Niklas Stark,GER,1088,2,2,,28
Niklas Süle,GER,1514,1,1,,27
Nikola Dovedan,AUT,656,3,3,,29
Nikola Krstović,MNE,2373,7,6,,23
Nikola Milenković,SRB,2510,0,0,,25
Nikola Moro,CRO,840,1,1,,25
Nikola Sekulov,ITA,11,0,0,,21
Nikola Vlašić,CRO,2608,3,3,,25
Njegoš Petrović,SRB,157,0,0,,24
Nnamdi Collins,GER,90,0,0,,19
Noah Atubolu,GER,3060,0,0,,21
Noah Loosli,SUI,346,0,0,,26
Noah Mbamba,BEL,16,0,0,,18
Noah Okafor,SUI,887,6,6,,23
Noah Weißhaupt,GER,759,1,1,,21
Noam Mayoka-Tika,BEL,1,0,0,,19
Nolan Mbemba,CGO,22,1,1,,28
Noni Madueke,ENG,1053,5,4,,21
Norbert Gyömbér,SVK,1760,0,0,,31
Nordi Mukiele,FRA,796,0,0,,25
Norman Theuerkauf,GER,1259,0,0,,36
Noussair Mazraoui,MAR,1197,0,0,,25
Nuha Jatta,GAM,1,0,0,,17
Nuno Mendes,POR,267,1,1,,21
Nuno Tavares,POR,457,0,0,,23
Nélson Semedo,POR,3084,0,0,,29
Obite N'Dicka,CIV,2168,0,0,,23
Odeluga Offiah,ENG,128,0,0,,20
Odilon Kossounou,CIV,1811,1,1,,22
Odsonne Édouard,FRA,1555,7,7,,25
Odysseas Vlachodimos,GRE,450,0,0,,29
Ohis Felix Uduokhai,GER,2921,2,2,,25
Oier Zarraga,ESP,404,2,2,,24
Oihan Sancet,ESP,1975,4,4,,23
Ola Aina,NGA,1692,1,1,,26
Ola Solbakken,NOR,23,0,0,,24
Olasagasti,ESP,360,0,0,,22
Ole Pohlmann,GER,54,0,0,,22
Oleksandr Zinchenko,UKR,1722,1,1,,26
Oliver Arblaster,ENG,943,0,0,,19
Oliver Baumann,GER,3060,0,0,,33
Oliver Burke,SCO,32,0,0,,26
Oliver Christensen,DEN,360,0,0,,24
Oliver McBurnie,SCO,1280,6,4,,27
Oliver Norwood,NIR,1440,1,0,,32
Oliver Skipp,ENG,707,0,0,,22
Olivier Deman,BEL,1365,2,2,,23
Olivier Giroud,FRA,2363,15,11,,36
Ollie Watkins,ENG,3217,19,19,,27
Omar Alderete,PAR,2195,0,0,,26
Omar Marmoush,EGY,2301,12,10,,24
Omar Mascarell,EQG,1571,0,0,,30
Omar Traoré,GER,2472,0,0,,25
Omari Forson,ENG,70,0,0,,19
Omari Kellyman,ENG,37,0,0,,17
Omenuke Mfulu,COD,82,0,0,,29
Ondrej Duda,SVK,2456,1,1,,28
Orel Mangala,BEL,1961,3,3,,25
Oriol Romeu,ESP,936,0,0,,31
Oscar Bobb,NOR,302,1,1,,20
Oscar Cortés,COL,44,1,1,,19
Oscar Estupiñan,COL,260,0,0,,26
Oscar Vilhelmsson,SWE,1374,4,4,,19
Othmane Maamma,MAR,88,1,1,,17
Oualid El Hajjam,MAR,393,0,0,,32
Oumar Diakité,CIV,1585,5,5,,19
Ousmane Dembélé,FRA,1506,3,3,,26
Oussama El Azzouzi,MAR,547,2,2,,22
Oussama Targhalline,MAR,1025,0,0,,21
Owen Beck,WAL,8,0,0,,20
Ozan Kabak,TUR,2282,4,4,,23
Pablo Barrios,ESP,1555,0,0,,20
Pablo Busto,ESP,44,0,0,,17
Pablo Fornals,ESP,1574,3,3,,27
Pablo Galdames Millán,CHI,11,0,0,,26
Pablo Gozalbez,ESP,103,0,0,,22
Pablo Ibáñez,ESP,1152,1,1,,24
Pablo Maffeo,ESP,1454,1,1,,26
Pablo Marí,ESP,2615,0,0,,29
Pablo Pagis,FRA,165,0,0,,20
Pablo Rosario,DOM,2009,0,0,,26
Pablo Saenz,ESP,19,0,0,,22
Pablo Sarabia,ESP,1745,4,2,,31
Pablo Torre,ESP,701,0,0,,20
Paco Sanz,ESP,24,0,0,,18
Panos Katseris,GRE,1041,1,1,,22
Pantelis Hatzidiakos,GRE,856,0,0,,26
Papa Amadou Diallo,SEN,889,2,2,,19
Pape Gueye,SEN,765,1,1,,24
Pape Matar Sarr,SEN,2069,3,3,,20
Papu Gómez,ARG,41,0,0,,35
Pascal Groß,GER,3114,4,3,,32
Pascal Stenzel,GER,1064,0,0,,27
Pascu,ESP,14,0,0,,20
Pasquale Mazzocchi,ITA,1700,0,0,,28
Pathé Ciss,SEN,1664,1,1,,29
Patric,ESP,1608,2,2,,30
Patric Pfeiffer,GER,511,0,0,,23
Patrick Ciurria,ITA,1598,0,0,,28
Patrick Dorgu,DEN,1564,2,2,,18
Patrick Herrmann,GER,86,0,0,,32
Patrick Mainka,GER,3060,2,2,,28
Patrick Osterhage,GER,1861,2,2,,23
Patrick Ouotro,CIV,8,0,0,,17
Patrick Wimmer,AUT,589,2,2,,22
Patrik Schick,CZE,1063,7,6,,27
Pau Cubarsí,ESP,1558,0,0,,16
Pau López,ESP,2939,0,0,,28
Pau Torres,ESP,2464,2,2,,26
Paul Akouokou,CIV,334,0,0,,25
Paul Dummett,WAL,20,0,0,,31
Paul Jaeckel,GER,234,0,0,,25
Paul Pogba,FRA,54,0,0,,30
Paulo Azzi,BRA,950,0,0,,29
Paulo Dybala,ARG,1959,13,6,,29
Paulo Gazzaniga,ARG,3420,0,0,,31
Pavao Pervan,AUT,810,0,0,,35
Pavel Kadeřábek,CZE,2412,3,3,,31
Paweł Dawidowicz,POL,2143,0,0,,28
Paxten Aaronson,USA,101,0,0,,19
Pedri,ESP,1476,4,4,,20
Pedro,ESP,816,1,1,,36
Pedro Chirivella,ESP,2594,1,1,,26
Pedro Neto,POR,1516,2,2,,23
Pedro Obiang,EQG,453,0,0,,31
Pedro Pereira,POR,841,0,0,,25
Pedro Porro,ESP,3089,3,3,,23
Pejiño,ESP,504,2,2,,27
Pelly Ruddock Mpanzu,COD,1101,0,0,,30
Pep Biel,ESP,285,0,0,,26
Pep Chavarría,ESP,1167,1,1,,25
Pepe Reina,ESP,180,0,0,,40
Pepín,EQG,241,0,0,,26
Perr Schuurs,NED,770,1,1,,23
Peru Nolaskoain,ESP,10,0,0,,24
Pervis Estupiñán,ECU,1243,2,2,,25
Peter González,DOM,649,0,0,,21
Phil Foden,ENG,2857,19,19,,23
Philip Billing,DEN,1398,2,2,,27
Philipp Förster,GER,385,0,0,,28
Philipp Hofmann,GER,1571,4,4,,30
Philipp Köhn,SUI,1980,0,0,,25
Philipp Lienhart,AUT,1265,1,1,,27
Philipp Max,GER,1350,1,1,,29
Philippe Coutinho,BRA,25,0,0,,31
Phillip Tietz,GER,2382,8,8,,26
Phillipp Mwene,AUT,1996,1,1,,29
Pierluigi Gollini,ITA,630,0,0,,28
Piero Hincapié,ECU,1484,1,1,,21
Pierre Højbjerg,DEN,1311,0,0,,27
Pierre Kalulu,FRA,374,0,0,,23
Pierre Lees-Melou,FRA,2517,4,4,,30
Pierre-Emerick Aubameyang,GAB,2622,17,13,,34
Pietro Comuzzo,ITA,43,0,0,,18
Pietro Pellegri,ITA,756,1,1,,22
Pietro Terracciano,ITA,2970,0,0,,33
Piotr Zieliński,POL,1924,3,2,,29
Pol Lirola,ESP,1536,2,2,,25
Pontus Almqvist,SWE,2107,2,2,,24
Portu,ESP,1285,7,7,,31
Predrag Rajković,SRB,3240,0,0,,27
Przemysław Frankowski,POL,2192,3,2,,28
Przemysław Szymiński,POL,9,0,0,,29
Péter Gulácsi,HUN,1170,0,0,,33
Quentin Merlin,FRA,1986,0,0,,21
Rabby Nzingoula,FRA,133,0,0,,17
Rachad Fettal,MAR,17,0,0,,18
Radamel Falcao,COL,407,1,0,,37
Rade Krunić,BIH,687,0,0,,29
Radosław Majecki,POL,1080,0,0,,23
Radu Drăgușin,ROU,2139,2,2,,21
Rafa Marín,ESP,2443,0,0,,21
Rafa Mir,ESP,391,2,2,,26
Rafael Borré,COL,991,4,4,,27
Rafael Leão,POR,2512,9,9,,24
Rafael Tolói,ITA,965,0,0,,32
Raffaele Di Gennaro,ITA,23,0,0,,29
Raheem Sterling,ENG,1978,8,8,,28
Raimane Daou,COM,25,0,0,,18
Ramy Bensebaini,ALG,1033,0,0,,28
Ramón Terrats,ESP,785,0,0,,22
Randal Kolo Muani,FRA,1421,7,7,,24
Randy Nteka,ANG,572,1,0,,25
Rani Khedira,GER,1343,0,0,,29
Raoul Bellanova,ITA,3046,1,1,,23
Raphaël Guerreiro,POR,1191,3,3,,29
Raphaël Varane,FRA,1375,1,1,,30
Raphinha,BRA,1368,6,5,,26
Rareș-Cătălin Burnete,ROU,8,0,0,,19
Rasmus Carstensen,DEN,1659,0,0,,22
Rasmus Højlund,DEN,2158,10,10,,20
Rasmus Kristensen,DEN,1744,1,1,,26
Rasmus Nicolaisen,DEN,2925,2,2,,26
Rassoul Ndiaye,SEN,526,0,0,,21
Rayan Aït-Nouri,ALG,2329,2,2,,22
Rayan Cherki,FRA,1719,1,1,,19
Raúl,ESP,1355,6,6,,22
Raúl Albiol,ESP,2031,0,0,,37
Raúl Fernández,ESP,280,0,0,,35
Raúl García,ESP,420,1,1,,37
Raúl Jiménez,MEX,1395,7,7,,32
Raúl Torrente,ESP,1250,0,0,,21
Raúl de Tomás,ESP,1272,1,0,,28
Reda Belahyane,MAR,117,0,0,,19
Reda Khadra,GER,1368,1,1,,22
Reece Burke,ENG,1660,0,0,,26
Reece James,ENG,419,0,0,,23
Reinier,BRA,1059,2,2,,21
Reinildo Mandava,MOZ,731,2,2,,29
Reiss Nelson,ENG,268,0,0,,23
Remi Matthews,ENG,4,0,0,,29
Remi Oudin,FRA,1819,3,3,,26
Remo Freuler,SUI,2624,1,1,,31
Renan Lodi,BRA,1235,0,0,,25
Renato Sanches,POR,146,1,1,,25
Renato Tapia,PER,1337,0,0,,28
Rhian Brewster,ENG,346,0,0,,23
Rhys Norrington-Davies,WAL,110,0,0,,24
Ricard Sánchez,ESP,2295,3,3,,23
Ricardo Rodríguez,SUI,2772,1,1,,30
Ricardo Visus,ESP,166,0,0,,22
Riccardo Calafiori,ITA,2349,2,2,,21
Riccardo Marchizza,ITA,1148,0,0,,25
Riccardo Orsolini,ITA,1792,10,8,,26
Riccardo Pagano,ITA,51,0,0,,18
Riccardo Saponara,ITA,342,0,0,,31
Riccardo Sottil,ITA,1103,2,2,,24
Richarlison,BRA,1491,11,11,,26
Rick Karsdorp,NED,1191,0,0,,28
Rico Henry,JAM,401,0,0,,26
Rico Lewis,ENG,809,2,2,,18
Ridgeciano Haps,SUR,773,0,0,,30
Ridle Baku,GER,2013,1,1,,25
Ritsu Doan,JPN,2246,7,7,,25
Robert Andrich,GER,1690,4,4,,28
Robert Gumny,POL,481,0,0,,25
Robert Lewandowski,POL,2750,19,15,,34
Robert Skov,DEN,1260,3,3,,27
Robert Sánchez,ESP,1433,0,0,,25
Roberto Gagliardini,ITA,2360,1,1,,29
Roberto Massimo,GER,84,0,0,,22
Roberto Navarro,ESP,1888,1,1,,21
Roberto Pereyra,ARG,1858,4,3,,32
Roberto Piccoli,ITA,1417,5,4,,22
Robin Gosens,GER,2283,6,6,,29
Robin Hack,GER,1348,10,10,,24
Robin Knoche,GER,1917,1,1,,31
Robin Koch,GER,2738,2,2,,27
Robin Le Normand,ESP,2469,2,2,,26
Robin Olsen,SWE,405,0,0,,33
Robin Zentner,GER,2700,0,0,,28
Rocco Reitz,GER,2136,6,6,,21
Rodri,ESP,3982,8,8,,27
Rodrigo Bentancur,URU,1005,1,1,,26
Rodrigo De Paul,ARG,2075,3,3,,29
Rodrigo Muniz,BRA,1593,9,9,,22
Rodrigo Ribeiro,POR,17,0,0,,18
Rodrigo Riquelme,ESP,1528,3,3,,23
Rodrygo,BRA,2380,10,10,,22
Roger Martí,ESP,1359,2,2,,32
Rogério,BRA,906,1,1,,25
Roland Sallai,HUN,1840,3,3,,26
Rolando Mandragora,ITA,1588,3,3,,26
Romain Del Castillo,FRA,2497,8,5,,27
Romain Faivre,FRA,1494,5,5,,25
Romain Perraud,FRA,370,0,0,,25
Roman Yaremchuk,UKR,928,3,3,,27
Romano Schmid,AUT,2601,4,4,,23
Romelu Lukaku,BEL,2641,13,13,,30
Rominigue Kouamé,MLI,821,0,0,,26
Roméo Lavia,BEL,33,0,0,,19
Ronald Araújo,URU,1997,1,1,,24
Ronaël Pierre-Gabriel,FRA,598,0,0,,25
Ross Barkley,ENG,2618,5,5,,29
Royce Openda,GAB,16,0,0,,21
Ruan,BRA,1516,0,0,,24
Ruben Aguilar,FRA,1922,1,1,,30
Ruben Lendinez,ESP,11,0,0,,20
Ruben Loftus-Cheek,ENG,2068,6,6,,27
Ruben Vargas,SUI,1962,4,4,,24
Rubén Alcaraz,ESP,3134,3,1,,32
Rubén Blanco,ESP,121,0,0,,28
Rubén Duarte,ESP,1878,2,2,,27
Rubén García,ESP,1547,3,3,,30
Rubén Peña,ESP,2088,0,0,,32
Rubén Sobrino,ESP,1646,0,0,,31
Rui Patrício,POR,2070,0,0,,35
Rui Silva,POR,2475,0,0,,29
Ruslan Malinovskyi,UKR,1544,4,4,,30
Ryan Christie,SCO,2907,0,0,,28
Ryan Giles,ENG,503,0,0,,23
Ryan Gravenberch,NED,1131,1,1,,21
Ryan One,SCO,8,0,0,,17
Ryan Yates,ENG,1992,1,1,,25
Rémy Cabella,FRA,1477,2,2,,33
Rémy Descamps,FRA,540,0,0,,27
Rémy Riou,FRA,270,0,0,,35
Rúben Dias,POR,2559,0,0,,26
Rúben Vinagre,POR,282,0,0,,24
Răzvan Marin,ROU,1818,0,0,,27
Saba Sazonov,GEO,356,0,0,,21
Sacha Boey,FRA,109,0,0,,22
Sacha Delaye,FRA,130,0,0,,21
Sadibou Sané,SEN,846,0,0,,19
Sael Kumbedi,FRA,924,0,0,,18
Saidou Sow,GUI,719,0,0,,21
Salih Özcan,TUR,1184,0,0,,25
Salim El Jebari,MAR,13,0,0,,19
Salis Abdul Samed,GHA,1519,0,0,,23
Salvi,ESP,28,0,0,,32
Sam Beukema,NED,2547,1,1,,24
Sam Curtis,IRL,28,0,0,,17
Sam Johnstone,ENG,1796,0,0,,30
Saman Ghoddos,IRN,739,1,1,,29
Samu Castillejo,ESP,536,0,0,,28
Samu Costa,POR,2303,1,1,,22
Samu Omorodion,ESP,1998,9,9,,19
Samuel Bamba,GER,47,0,0,,19
Samuel Chukwueze,NGA,1017,1,1,,24
Samuel Gigot,FRA,1726,3,3,,29
Samuel Grandsir,FRA,606,1,1,,26
Samuel Iling-Junior,ENG,810,1,1,,19
Samuel Lino,BRA,2080,4,4,,23
Samuel Moutoussamy,COD,1107,1,1,,26
Samuel Umtiti,FRA,185,0,0,,29
Samuele Birindelli,ITA,2013,0,0,,24
Samuele Di Benedetto,GER,7,0,0,,18
Samuele Mulattieri,ITA,462,0,0,,22
Samuele Perisan,ITA,90,0,0,,25
Samuele Ricci,ITA,2395,1,1,,21
Samuele Vignato,ITA,343,1,1,,19
Sander Berge,NOR,3005,1,1,,25
Sandi Lovrić,SVN,1987,1,1,,25
Sandro Ramírez,ESP,1808,1,1,,28
Sandro Tonali,ITA,438,1,1,,23
Sanjin Prcić,BIH,88,0,0,,29
Santi Comesaña,ESP,1653,2,2,,26
Santiago Bueno,URU,822,0,0,,24
Santiago Castro,ARG,242,1,1,,18
Santiago García,ESP,25,0,0,,21
Santiago Pierotti,ARG,200,0,0,,22
Sardar Azmoun,IRN,585,3,3,,28
Sargis Adamyan,ARM,801,1,1,,30
Sasa Kalajdzic,AUT,491,2,2,,26
Saïd Benrahma,ALG,1390,3,3,,27
Saïmon Bouabré,FRA,45,0,0,,17
Saúl Coco,EQG,2295,1,1,,24
Saúl Ñíguez,ESP,1374,1,1,,28
Saša Lukić,SRB,1122,1,1,,26
Scott McKenna,SCO,416,0,0,,26
Scott McTominay,SCO,1901,7,7,,26
Sead Kolašinac,BIH,2178,1,1,,30
Sean Longstaff,ENG,2747,6,6,,25
Sebastiaan Bornauw,BEL,1431,0,0,,24
Sebastian Polter,GER,446,0,0,,32
Sebastian Rode,GER,61,0,0,,32
Sebastian Walukiewicz,POL,2055,0,0,,23
Sebastiano Luperto,ITA,3406,1,1,,26
Selim Amallah,MAR,604,0,0,,26
Senne Lynen,BEL,1797,0,0,,24
Senny Mayulu,FRA,324,0,0,,17
Sepp van den Berg,NED,2839,3,3,,21
Serge Aurier,CIV,833,0,0,,30
Serge Gnabry,GER,432,3,3,,28
Sergi Altimira,ESP,568,1,1,,21
Sergi Canós,ESP,1229,1,1,,26
Sergi Cardona,ESP,2814,1,1,,24
Sergi Darder,ESP,2157,2,2,,29
Sergi Guardiola,ESP,495,1,1,,32
Sergi Roberto,ESP,860,3,3,,31
Sergio Akieme,ESP,2493,4,4,,25
Sergio Arribas,ESP,2047,9,9,,21
Sergio Camello,ESP,1661,3,3,,22
Sergio Gómez,ESP,53,0,0,,22
Sergio Herrera,ESP,2869,0,0,,30
Sergio Ramos,ESP,2517,3,3,,37
Sergio Reguilón,ESP,1530,0,0,,26
Sergio Rodelas,ESP,122,0,0,,18
Sergio Ruiz,ESP,2494,0,0,,28
Serhou Guirassy,GUI,2208,28,24,,27
Seydou Fini,ITA,35,0,0,,17
Shamar Nicholson,JAM,1484,4,3,,26
Shandon Baptiste,GRN,229,1,1,,25
Shavy Babicka,GAB,373,1,1,,23
Sheraldo Becker,SUR,1416,2,2,,28
Shiō Fukuda,JPN,36,0,0,,19
Shon Weissman,ISR,576,1,1,,27
Siebe Van Der Heyden,BEL,286,0,0,,25
Silas Katompa,COD,900,5,5,,24
Silvan Hefti,SUI,825,0,0,,25
Silvan Widmer,SUI,1242,1,1,,30
Silvi Clúa,ESP,1,0,0,,18
Simeon Nwankwo,NGA,686,3,3,,31
Simon Adingra,CIV,2222,6,6,,21
Simon Ebonog,CMR,20,0,0,,18
Simon Elisor,FRA,767,1,1,,24
Simon Kjær,DEN,1171,0,0,,34
Simon Zoller,GER,45,0,0,,32
Simone Aresti,ITA,1,0,0,,37
Simone Bastoni,ITA,745,1,1,,26
Simone Pafundi,ITA,8,0,0,,17
Simone Perilli,ITA,90,0,0,,28
Simone Romagnoli,ITA,2715,1,1,,33
Simone Scuffet,ITA,2789,0,0,,27
Simone Verdi,ITA,4,0,0,,31
Sinaly Diomande,CIV,889,0,0,,22
Siriné Doucouré,MLI,423,1,1,,21
Skelly Alvero,FRA,549,2,2,,21
Sofiane Diop,MAR,499,0,0,,23
Sofiane Sidi Ali,FRA,18,0,0,,28
Sofyan Amrabat,MAR,938,0,0,,26
Sokratis Papastathopoulos,GRE,1136,0,0,,35
Solly March,ENG,554,3,3,,29
Son Heung-min,KOR,2934,17,15,,31
Sory Kaba,GUI,720,1,1,,28
Souleymane Touré,FRA,2051,1,1,,20
Soungoutou Magassa,FRA,1346,0,0,,19
Srđan Babić,SRB,90,0,0,,27
Stanislav Lobotka,SVK,3282,0,0,,28
Stanley N'Soki,FRA,631,0,0,,24
Stefan Bajcetic,ESP,26,0,0,,18
Stefan Bell,GER,666,0,0,,31
Stefan Lainer,AUT,751,0,0,,30
Stefan Lekovic,SRB,29,0,0,,19
Stefan Mitrović,SRB,1090,1,1,,20
Stefan Ortega,GER,635,0,0,,30
Stefan Posch,AUT,2409,1,1,,26
Stefan Savić,MNE,1630,0,0,,32
Stefan Schimmer,GER,153,0,0,,29
Stefan de Vrij,NED,1586,1,1,,31
Stefano Sabelli,ITA,2429,0,0,,30
Stefano Sensi,ITA,46,0,0,,27
Stefano Turati,ITA,2745,0,0,,21
Steffen Tigges,GER,727,3,3,,25
Stephan El Shaarawy,ITA,1738,3,3,,30
Steve Mandanda,FRA,3060,0,0,,38
Steve Mounié,BEN,1769,6,6,,28
Steve Ngoura,FRA,223,0,0,,18
Steven Baseya,FRA,6,0,0,,18
Steven Shpendi,ALB,411,0,0,,20
Stijn Spierings,NED,1634,0,0,,27
Stole Dimitrievski,MKD,3330,0,0,,29
Stredair Appuah,FRA,84,0,0,,19
Suat Serdar,GER,1659,0,0,,26
Suso,ESP,1517,1,1,,29
Sven Botman,NED,1377,2,2,,23
Sven Michel,GER,583,2,1,,33
Sven Ulreich,GER,990,0,0,,34
Sydie Peck,ENG,10,0,0,,18
Sydney van Hooijdonk,NED,212,0,0,,23
Szymon Żurkowski,POL,868,4,4,,25
Sávio,BRA,2976,9,9,,19
Séamus Coleman,IRL,665,0,0,,34
Sébastien Haller,CIV,396,0,0,,29
Tadeo Allende,ARG,336,1,1,,24
Tahith Chong,CUW,1982,4,4,,23
Taiwo Awoniyi,NGA,1042,6,6,,25
Tajon Buchanan,CAN,161,1,1,,24
Takefusa Kubo,JPN,2150,7,7,,22
Takehiro Tomiyasu,JPN,1149,2,2,,24
Takuma Asano,JPN,1986,6,6,,28
Takumi Minamino,JPN,2117,9,9,,28
Tammy Abraham,ENG,242,1,1,,25
Tanguy Coulibaly,FRA,623,1,1,,22
Tanguy Nianzou,FRA,318,0,0,,21
Tariq Lamptey,GHA,914,0,0,,22
Tawanda Chirewa,ZIM,145,0,0,,19
Teddy Teuma,MLT,2113,6,5,,29
Teden Mengi,ENG,2469,1,1,,21
Terem Moffi,NGA,1949,11,8,,24
Teun Koopmeiners,NED,2627,12,10,,25
Theo Corbeanu,CAN,182,1,1,,21
Theo Hernández,FRA,2791,5,4,,25
Therence Koudou,FRA,314,0,0,,18
Thiago Alcántara,ESP,6,0,0,,32
Thiago Silva,BRA,2527,3,3,,38
Thibault De Smet,BEL,1831,0,0,,25
Thibaut Courtois,BEL,332,0,0,,31
Thierry Correia,POR,2154,0,0,,24
Thijs Dallinga,NED,2510,14,13,,22
Thilo Kehrer,GER,1345,1,1,,26
Thomas Cannon,IRL,1,0,0,,20
Thomas Delaine,FRA,2044,1,1,,31
Thomas Foket,BEL,1833,0,0,,28
Thomas Henry,FRA,334,3,3,,28
Thomas Isherwood,SWE,636,0,0,,25
Thomas Kaminski,BEL,3405,0,0,,30
Thomas Keller,GER,2,0,0,,23
Thomas Kristensen,DEN,2096,0,0,,21
Thomas Lemar,FRA,164,0,0,,27
Thomas Meunier,BEL,586,0,0,,31
Thomas Müller,GER,1654,5,5,,33
Thomas Partey,GHA,788,0,0,,30
Thomas Strakosha,ALB,135,0,0,,28
Thorgan Hazard,BEL,7,0,0,,30
Théo Le Bris,FRA,1516,0,0,,20
Théo Sainte-Luce,FRA,346,0,0,,24
Tiago Djaló,POR,17,0,0,,23
Tiago Fonseca Morais,POR,46,0,0,,19
Tiago Santos,POR,2365,1,1,,21
Tiago Tomás,POR,1032,1,1,,21
Tiemoué Bakayoko,FRA,1314,2,2,,28
Tijjani Noslin,NED,1339,5,5,,24
Tijjani Reijnders,NED,2820,3,3,,25
Tim Breithaupt,GER,629,0,0,,21
Tim Drexler,GER,573,0,0,,18
Tim Iroegbunam,ENG,164,0,0,,20
Tim Kleindienst,GER,2869,12,10,,27
Tim Oermann,GER,714,0,0,,19
Tim Ream,USA,1503,1,1,,35
Tim Siersleben,GER,910,0,0,,23
Tim Skarke,GER,2404,8,8,,26
Timo Hübers,GER,2778,0,0,,27
Timo Werner,GER,1016,4,3,,27
Timothy Castagne,BEL,2634,1,1,,27
Timothy Chandler,USA,18,0,0,,33
Timothy Weah,USA,1258,0,0,,23
Tino Kadewere,ZIM,1077,1,1,,27
Tobias Kempe,GER,1350,3,0,,34
Tom Bischof,GER,178,0,0,,18
Tom Cairney,SCO,1488,1,1,,32
Tom Davies,ENG,221,0,0,,25
Tom Krauß,GER,1346,1,1,,22
Tom Lockyer,WAL,1169,1,1,,28
Tom Louchet,FRA,409,1,1,,20
Toma Bašić,CRO,1162,0,0,,26
Tommaso Augello,ITA,2418,1,1,,28
Tommaso Baldanzi,ITA,1263,2,2,,20
Tommaso Corazza,ITA,195,0,0,,19
Tommaso Martinelli,ITA,90,0,0,,17
Tommaso Pobega,ITA,319,0,0,,24
Tommy Doyle,ENG,1222,0,0,,21
Tomás Mendes,ESP,6,0,0,,18
Tomáš Koubek,CZE,270,0,0,,30
Tomáš Souček,CZE,2870,7,7,,28
Tomáš Suslov,SVK,2092,3,2,,21
Tomáš Čvančara,CZE,896,4,3,,22
Toni Kroos,GER,2124,1,1,,33
Toni Lato,ESP,1544,0,0,,25
Toni Villa,ESP,13,0,0,,28
Tony Jantschke,GER,27,0,0,,33
Tosin Adarabioyo,ENG,1617,2,2,,25
Tosin Aiyegun,BEN,902,2,2,,25
Toti Gomes,POR,2772,1,1,,24
Trent Alexander-Arnold,ENG,2155,3,3,,24
Trevoh Chalobah,ENG,952,1,1,,24
Triantafyllos Pasaridīs,GRE,452,0,0,,27
Trivante Stewart,JAM,100,0,0,,23
Trévis Dago,CIV,23,0,0,,18
Tuta,BRA,2600,1,1,,24
Tyler Adams,USA,121,0,0,,24
Tyler Onyango,ENG,1,0,0,,20
Tyrick Mitchell,ENG,3204,2,2,,23
Tyrone Mings,ENG,30,0,0,,30
Tyronne Ebuehi,NGA,1099,0,0,,27
Téji Savanier,FRA,2765,9,2,,31
Ulisses Garcia,SUI,906,0,0,,27
Umar Sadiq,NGA,1077,3,3,,26
Umut Tohumcu,GER,1011,0,0,,18
Unai García,ESP,560,1,1,,31
Unai Gómez,ESP,875,2,2,,20
Unai López,ESP,2108,1,1,,27
Unai Marrero,ESP,142,0,0,,21
Unai Núñez,ESP,2801,1,1,,26
Unai Ropero,ESP,5,0,0,,21
Unai Simón,ESP,3182,0,0,,26
Urko González,ESP,156,0,0,,22
Uroš Račić,SRB,820,1,1,,25
Valentin Atangana Edoa,FRA,555,0,0,,17
Valentin Carboni,ARG,1169,2,2,,18
Valentin Gendrey,FRA,3044,2,2,,23
Valentin Rongier,FRA,851,0,0,,28
Valentin Rosier,FRA,53,0,0,,26
Valentino Lazaro,AUT,1994,0,0,,27
Valentino Livramento,ENG,1314,1,1,,20
Valentín Barco,ARG,307,0,0,,19
Valentín Castellanos,ARG,1682,4,4,,24
Valery Fernández,ESP,506,2,2,,23
Vanderson,BRA,1641,3,3,,22
Vanja Milinković-Savić,SRB,3240,0,0,,26
Vedat Muriqi,KVX,2327,7,6,,29
Vicente Guaita,ESP,2403,0,0,,36
Victor Bernth Kristiansen,DEN,2307,0,0,,20
Victor Boniface,NGA,1546,14,10,,22
Victor Lindelöf,SWE,1328,1,1,,29
Victor Osimhen,NGA,1982,15,12,,24
Victor Parada,ESP,3,0,0,,21
Viktor Kovalenko,UKR,613,1,1,,27
Viktor Tsyhankov,UKR,2052,8,8,,25
Vincent Le Goff,FRA,541,1,1,,33
Vincent Sierro,SUI,2261,6,2,,27
Vincenzo Fiorillo,ITA,360,0,0,,33
Vincenzo Grifo,ITA,2325,8,2,,30
Vinicius Júnior,BRA,1864,15,14,,23
Vinicius Souza,BRA,2668,1,1,,24
Virgil van Dijk,NED,3177,2,2,,32
Vitaliy Mykolenko,UKR,2469,2,2,,24
Vitaly Janelt,GER,3054,1,1,,25
Vitinha,POR,3334,12,12,,23
Vitinho,BRA,2314,0,0,,24
Vito Mannone,ITA,91,0,0,,35
Vitor Roque,BRA,328,2,2,,18
Vivaldo Semedo,POR,12,0,0,,18
Vladimír Coufal,CZE,3132,0,0,,30
Václav Černý,CZE,921,4,4,,25
Víctor Chust,ESP,1864,0,0,,23
Víctor Díaz,ESP,162,0,0,,35
Wahbi Khazri,TUN,1131,1,1,,32
Walace,BRA,3238,2,2,,28
Waldemar Anton,GER,2886,0,0,,27
Walid Cheddira,MAR,2120,7,6,,25
Warmed Omari,COM,2071,1,1,,23
Warren Bondo,FRA,1475,1,1,,19
Warren Kamanzi,NOR,1187,0,0,,22
Warren Zaïre-Emery,FRA,1962,2,2,,17
Wataru Endo,JPN,1722,1,1,,30
Wes Foderingham,ENG,2649,0,0,,32
Wesley Saïd,FRA,1020,7,7,,28
Weston McKennie,USA,2594,0,0,,24
Wilfried Singo,CIV,2187,1,1,,22
Will Hughes,ENG,1891,0,0,,28
Willi Orban,HUN,1582,0,0,,30
William Carvalho,POR,680,1,1,,31
William Osula,DEN,786,0,0,,19
William Saliba,FRA,3420,2,2,,22
Willian,BRA,2053,4,2,,34
Willian José,BRA,1971,10,10,,31
Willian Pacho,ECU,2970,0,0,,21
Williot Swedberg,SWE,439,5,5,,19
Willy Boly,CIV,1438,2,2,,32
Willy Kambwala,FRA,330,0,0,,18
Wilson Manafá,POR,240,0,0,,29
Wilson Odobert,FRA,2098,3,3,,18
Wissam Ben Yedder,FRA,2316,16,15,,32
Wladimiro Falcone,ITA,3420,0,0,,28
Wojciech Szczęsny,POL,3150,0,0,,33
Wout Weghorst,NED,1977,7,6,,30
Xabier Huarte Armendáriz,ESP,9,0,0,,22
Xaver Schlager,AUT,2477,0,0,,25
Xavi Simons,NED,2653,8,7,,20
Xeber,ESP,302,0,0,,26
Yacine Adli,FRA,1407,1,1,,23
Yan Couto,BRA,2245,1,1,,21
Yangel Herrera,VEN,2107,5,5,,25
Yanis Begraoui,MAR,300,0,0,,22
Yanis Issoufou,FRA,13,0,0,,16
Yann Aurel Bisseck,GER,904,2,2,,22
Yann Gboho,FRA,1193,3,3,,22
Yann Karamoh,FRA,446,1,1,,25
Yann Sommer,SUI,3060,0,0,,34
Yannick Carrasco,BEL,221,0,0,,29
Yannick Gerhardt,GER,1630,2,2,,29
Yannik Keitel,GER,920,1,1,,23
Yarek Gasiorowski,ESP,735,0,0,,18
Yasser Larouci,ALG,531,0,0,,22
Yassin Tallal,ESP,3,0,0,,18
Yassine Bounou,MAR,90,0,0,,32
Yassine Kechta,MAR,1849,2,2,,21
Yaya Kader Fofana,MLI,32,0,0,,19
Yayah Kallon,SLE,4,0,0,,22
Yehor Yarmoliuk,UKR,688,0,0,,19
Yehvann Diouf,SEN,3060,0,0,,23
Yellu Santiago,ESP,656,1,1,,19
Yeray Álvarez,ESP,1152,0,0,,28
Yeremi Pino,ESP,475,0,0,,20
Yerry Mina,COL,1259,2,1,,28
Yerson Mosquera,COL,1229,2,2,,22
Ylber Ramadani,ALB,2970,1,1,,27
Yoane Wissa,COD,2493,12,12,,26
Yoann Salmier,GUF,1568,1,1,,30
Yoel Lago,ESP,90,0,0,,19
Yohann Magnin,FRA,1687,1,1,,26
Yoram Zague,FRA,373,1,1,,17
Yorbe Vertessen,BEL,593,3,3,,22
Youcef Atal,ALG,359,1,1,,27
Youri Tielemans,BEL,1622,2,2,,26
Youssef Chermiti,POR,208,0,0,,19
Youssef En-Nesyri,MAR,2570,16,15,,26
Youssef Maleh,MAR,2602,0,0,,24
Youssef Maziz,FRA,124,1,1,,25
Youssouf Fofana,FRA,2697,4,4,,24
Youssouf Ndayishimiye,BDI,1712,0,0,,24
Youssouf Sabaly,SEN,1046,0,0,,30
Youssoufa Moukoko,GER,625,5,5,,18
Yoël Armougom,FRA,234,0,0,,25
Yunis Abdelhamid,MAR,2781,4,3,,35
Yunus Musah,USA,1478,0,0,,20
Yuri Berchiche,ESP,1930,3,3,,33
Yussuf Poulsen,DEN,1217,5,5,,29
Yusuf Yazıcı,TUR,1312,5,5,,26
Yvandro Borges Sanches,LUX,18,0,0,,19
Yves Bissouma,MLI,2068,0,0,,26
Yvon Mvogo,SUI,3060,0,0,,29
Zack Nelson,ENG,7,0,0,,18
Zakaria Aboukhlal,MAR,754,3,2,,23
Zanos Savva,CYP,28,1,1,,17
Zeki Amdouni,SUI,1953,5,4,,22
Zeki Çelik,TUR,671,0,0,,26
Zito Luvumbo,ANG,1946,4,4,,21
Álex Berenguer,ESP,1592,7,6,,28
Álex Centelles,ESP,980,0,0,,25
Álex Fernández,ESP,1285,0,0,,30
Álex Grimaldo,ESP,2784,10,10,,27
Álex Jiménez,ESP,68,0,0,,18
Álex Moreno,ESP,1031,2,2,,30
Álex Remiro,ESP,3275,0,0,,28
Álex Suárez,ESP,2562,2,2,,30
Álvaro Carreras,ESP,475,0,0,,20
Álvaro García,ESP,2475,6,6,,30
Álvaro Lemos,ESP,251,0,0,,30
Álvaro Morata,ESP,1904,15,15,,30
Álvaro Negredo,ESP,54,0,0,,37
Álvaro Odriozola,ESP,393,0,0,,27
Álvaro Rodríguez,URU,1,0,0,,19
Álvaro Vallés,ESP,3263,0,0,,26
Ángel Correa,ARG,1528,9,9,,28
Ângelo,BRA,1094,0,0,,18
Çağlar Söyüncü,TUR,114,0,0,,27
Éder Militão,BRA,496,0,0,,25
Éderson,BRA,2869,6,6,,24
Édgar González,ESP,2522,2,2,,26
Érik Lamela,ARG,463,2,2,,31
Étienne Capoue,FRA,1455,1,1,,35
Óliver Torres,ESP,1616,0,0,,28
Óscar Melendo,ESP,1122,0,0,,25
Óscar Mingueza,ESP,2998,2,2,,24
Óscar Rodríguez Arnaiz,ESP,967,2,2,,25
Óscar Trejo,ARG,1380,0,0,,35
Óscar Valentín,ESP,2692,1,1,,28
Óscar de Marcos,ESP,2258,1,1,,34
Ørjan Nyland,NOR,2160,0,0,,32
Đorđe Petrović,SRB,1987,0,0,,23
İlkay Gündoğan,GER,2994,5,4,,32
Łukasz Fabiański,POL,721,0,0,,38
Łukasz Skorupski,POL,2880,0,0,,32
