team,player,caps,club,birth
Czech Republic,Matěj Kovář,20,PSV Eindhoven,2000-05-17
Czech Republic,David Zima,25,Slavia Prague,2000-11-08
Czech Republic,Tomáš Holeš,41,Slavia Prague,1993-03-31
Czech Republic,Robin Hranáč,14,TSG Hoffenheim,2000-01-29
Czech Republic,Vladimír Coufal,62,TSG Hoffenheim,1992-08-22
Czech Republic,Štěpán Chaloupek,5,Slavia Prague,2003-03-08
Czech Republic,Ladislav Krejčí,27,Wolverhampton Wanderers,1999-04-20
Czech Republic,Vladimír Darida,79,Hradec Králové,1990-08-08
Czech Republic,Adam Hložek,43,TSG Hoffenheim,2002-07-25
Czech Republic,Patrik Schick,53,Bayer Leverkusen,1996-01-24
Czech Republic,Jan Kuchta,31,Sparta Prague,1997-01-08
Czech Republic,Lukáš Červ,17,Viktoria Plzeň,2001-04-10
Czech Republic,Mojmír Chytil,22,Slavia Prague,1999-04-29
Czech Republic,David Jurásek,18,Slavia Prague,2000-08-07
Czech Republic,Pavel Šulc,21,Lyon,2000-12-29
Czech Republic,Jindřich Staněk,14,Slavia Prague,1996-04-27
Czech Republic,Lukáš Provod,38,Slavia Prague,1996-10-23
Czech Republic,Michal Sadílek,35,Slavia Prague,1999-05-31
Czech Republic,Tomáš Chorý,22,Slavia Prague,1995-01-26
Czech Republic,Jaroslav Zelený,23,Sparta Prague,1992-08-20
Czech Republic,David Douděra,17,Slavia Prague,1998-05-31
Czech Republic,Tomáš Souček,90,West Ham United,1995-02-27
Czech Republic,Lukáš Horníček,1,Braga,2002-07-13
Czech Republic,Alexandr Sojka,2,Viktoria Plzeň,2003-04-02
Czech Republic,Hugo Sochůrek,1,Sparta Prague,2008-06-07
Czech Republic,Denis Višinský,2,Viktoria Plzeň,2003-03-21
Mexico,Raúl Rangel,14,Guadalajara,2000-02-25
Mexico,Jorge Sánchez,59,PAOK,1997-12-10
Mexico,César Montes,67,Lokomotiv Moscow,1997-02-24
Mexico,Edson Álvarez,98,Fenerbahçe,1997-10-24
Mexico,Johan Vásquez,46,Genoa,1998-10-22
Mexico,Érik Lira,25,Cruz Azul,2000-05-08
Mexico,Luis Romo,63,Guadalajara,1995-06-05
Mexico,Álvaro Fidalgo,4,Real Betis,1997-04-09
Mexico,Raúl Jiménez,124,Fulham,1991-05-05
Mexico,Alexis Vega,52,Toluca,1997-11-25
Mexico,Santiago Giménez,47,Milan,2001-04-18
Mexico,Carlos Acevedo,7,Santos Laguna,1996-04-19
Mexico,Guillermo Ochoa,152,AEL Limassol,1985-07-13
Mexico,Armando González,7,Guadalajara,2003-04-20
Mexico,Israel Reyes,34,América,2000-05-23
Mexico,Julián Quiñones,22,Al-Qadsiah,1997-03-24
Mexico,Orbelín Pineda,92,AEK Athens,1996-03-24
Mexico,Obed Vargas,6,Atlético Madrid,2005-08-05
Mexico,Gilberto Mora,8,Tijuana,2008-10-14
Mexico,Mateo Chávez,10,AZ,2004-05-12
Mexico,César Huerta,26,Anderlecht,2000-12-03
Mexico,Guillermo Martínez,12,Pumas,1995-03-15
Mexico,Jesús Gallardo,121,Toluca,1994-08-15
Mexico,Luis Chávez,45,Dynamo Moscow,1996-01-15
Mexico,Roberto Alvarado,67,Guadalajara,1998-09-07
Mexico,Brian Gutiérrez,7,Guadalajara,2003-06-17
South Africa,Ronwen Williams,62,Mamelodi Sundowns,1992-01-21
South Africa,Thabang Matuludi,3,Polokwane City,1999-01-14
South Africa,Khulumani Ndamane,5,Mamelodi Sundowns,2004-02-05
South Africa,Teboho Mokoena,51,Mamelodi Sundowns,1997-01-24
South Africa,Thalente Mbatha,15,Orlando Pirates,2000-03-06
South Africa,Aubrey Modiba,44,Mamelodi Sundowns,1995-07-22
South Africa,Oswin Appollis,26,Orlando Pirates,2001-08-25
South Africa,Tshepang Moremi,10,Orlando Pirates,2000-10-02
South Africa,Lyle Foster,27,Burnley,2000-09-03
South Africa,Relebohile Mofokeng,13,Orlando Pirates,2004-10-23
South Africa,Themba Zwane,54,Mamelodi Sundowns,1989-08-03
South Africa,Thapelo Maseko,10,AEL Limassol,2003-11-11
South Africa,Sphephelo Sithole,28,Tondela,1999-03-03
South Africa,Mbekezeli Mbokazi,10,Chicago Fire FC,2005-09-19
South Africa,Iqraam Rayners,14,Mamelodi Sundowns,1995-12-19
South Africa,Sipho Chaine,4,Orlando Pirates,1996-12-14
South Africa,Evidence Makgopa,26,Orlando Pirates,2000-06-05
South Africa,Samukele Kabini,6,Molde,2004-03-15
South Africa,Nkosinathi Sibisi,20,Orlando Pirates,1995-09-22
South Africa,Khuliso Mudau,32,Mamelodi Sundowns,1995-04-26
South Africa,Ime Okon,8,Hannover 96,2004-02-20
South Africa,Ricardo Goss,5,Siwelele,1994-04-02
South Africa,Jayden Adams,5,Mamelodi Sundowns,2001-05-05
South Africa,Olwethu Makhanya,1,Philadelphia Union,2004-04-30
South Africa,Kamogelo Sebelebele,3,Orlando Pirates,2002-07-21
South Africa,Bradley Cross,1,Kaizer Chiefs,2001-01-30
South Korea,Kim Seung-gyu,87,FC Tokyo,1990-09-30
South Korea,Lee Han-beom,8,Midtjylland,2002-06-17
South Korea,Lee Gi-hyuk,3,Gangwon FC,2000-07-07
South Korea,Kim Min-jae,79,Bayern Munich,1996-11-15
South Korea,Kim Tae-hyeon,7,Kashima Antlers,2000-09-17
South Korea,Hwang In-beom,73,Feyenoord,1996-09-20
South Korea,Son Heung-min,144,Los Angeles FC,1992-07-08
South Korea,Paik Seung-ho,27,Birmingham City,1997-03-17
South Korea,Cho Gue-sung,44,Midtjylland,1998-01-25
South Korea,Lee Jae-sung,105,Mainz 05,1992-08-10
South Korea,Hwang Hee-chan,79,Wolverhampton Wanderers,1996-01-26
South Korea,Song Bum-keun,3,Jeonbuk Hyundai Motors,1997-10-15
South Korea,Lee Tae-seok,15,Austria Wien,2002-07-28
South Korea,Cho Wi-je,1,Jeonbuk Hyundai Motors,2001-08-25
South Korea,Kim Moon-hwan,35,Daejeon Hana Citizen,1995-08-01
South Korea,Park Jin-seob,14,Zhejiang,1995-10-23
South Korea,Bae Jun-ho,13,Stoke City,2003-08-21
South Korea,Oh Hyeon-gyu,27,Beşiktaş,2001-04-12
South Korea,Lee Kang-in,47,Paris Saint-Germain,2001-02-19
South Korea,Yang Hyun-jun,9,Celtic,2002-05-25
South Korea,Jo Hyeon-woo,48,Ulsan HD,1991-09-25
South Korea,Seol Young-woo,34,Red Star Belgrade,1998-12-05
South Korea,Jens Castrop,7,Borussia Mönchengladbach,2003-07-29
South Korea,Kim Jin-gyu,22,Jeonbuk Hyundai Motors,1997-02-24
South Korea,Eom Ji-sung,9,Swansea City,2002-05-09
South Korea,Lee Dong-gyeong,18,Ulsan HD,1997-09-20
Bosnia and Herzegovina,Nikola Vasilj,26,FC St. Pauli,1995-12-02
Bosnia and Herzegovina,Nihad Mujakić,12,Gaziantep,1998-04-15
Bosnia and Herzegovina,Dennis Hadžikadunić,32,Sampdoria,1998-07-09
Bosnia and Herzegovina,Tarik Muharemović,14,Sassuolo,2003-02-28
Bosnia and Herzegovina,Sead Kolašinac,65,Atalanta,1993-06-20
Bosnia and Herzegovina,Benjamin Tahirović,28,Brøndby,2003-03-03
Bosnia and Herzegovina,Amar Dedić,28,Benfica,2002-08-18
Bosnia and Herzegovina,Armin Gigović,20,Young Boys,2002-04-06
Bosnia and Herzegovina,Samed Baždar,13,Jagiellonia Białystok,2004-01-31
Bosnia and Herzegovina,Ermedin Demirović,40,VfB Stuttgart,1998-03-25
Bosnia and Herzegovina,Edin Džeko,148,Schalke 04,1986-03-17
Bosnia and Herzegovina,Mladen Jurkas,0,Borac Banja Luka,2007-10-07
Bosnia and Herzegovina,Ivan Bašić,17,Astana,2002-04-30
Bosnia and Herzegovina,Ivan Šunjić,11,Pafos,1996-10-09
Bosnia and Herzegovina,Amar Memić,13,Viktoria Plzeň,2001-01-20
Bosnia and Herzegovina,Amir Hadžiahmetović,36,Hull City,1997-03-08
Bosnia and Herzegovina,Dženis Burnić,20,Karlsruher SC,1998-05-22
Bosnia and Herzegovina,Nikola Katić,17,Schalke 04,1996-10-10
Bosnia and Herzegovina,Kerim Alajbegović,10,Red Bull Salzburg,2007-09-21
Bosnia and Herzegovina,Esmir Bajraktarević,16,PSV Eindhoven,2005-03-10
Bosnia and Herzegovina,Stjepan Radeljić,5,Rijeka,1997-09-05
Bosnia and Herzegovina,Martin Zlomislić,3,Rijeka,1998-08-16
Bosnia and Herzegovina,Haris Tabaković,10,Borussia Mönchengladbach,1994-06-20
Bosnia and Herzegovina,Arjan Malić,8,Sturm Graz,2005-08-28
Bosnia and Herzegovina,Jovo Lukić,3,Universitatea Cluj,1998-11-28
Bosnia and Herzegovina,Ermin Mahmić,2,Slovan Liberec,2005-03-14
Canada,Dayne St. Clair,20,Inter Miami CF,1997-05-09
Canada,Alistair Johnston,58,Celtic,1998-10-08
Canada,Alfie Jones,2,Middlesbrough,1997-10-07
Canada,Luc de Fougerolles,13,Dender,2005-10-12
Canada,Joel Waterman,17,Chicago Fire FC,1996-01-24
Canada,Mathieu Choinière,23,Los Angeles FC,1999-02-07
Canada,Stephen Eustáquio,56,Los Angeles FC,1996-12-21
Canada,Ismaël Koné,40,Sassuolo,2002-06-16
Canada,Cyle Larin,90,Southampton,1995-04-17
Canada,Jonathan David,77,Juventus,2000-01-14
Canada,Liam Millar,41,Hull City,1999-09-27
Canada,Tani Oluwaseyi,24,Villarreal,2000-05-15
Canada,Derek Cornelius,44,Rangers,1997-11-25
Canada,Jacob Shaffelburg,31,Los Angeles FC,1999-11-26
Canada,Moïse Bombito,20,Nice,2000-03-30
Canada,Maxime Crépeau,32,Orlando City SC,1994-05-11
Canada,Tajon Buchanan,60,Villarreal,1999-02-08
Canada,Owen Goodman,0,Barnsley,2003-11-27
Canada,Alphonso Davies,58,Bayern Munich,2000-11-02
Canada,Ali Ahmed,24,Norwich City,2000-10-10
Canada,Jonathan Osorio,90,Toronto FC,1992-06-12
Canada,Richie Laryea,75,Toronto FC,1995-01-07
Canada,Niko Sigur,19,Hajduk Split,2003-09-09
Canada,Promise David,10,Union Saint-Gilloise,2001-07-03
Canada,Nathan Saliba,15,Anderlecht,2004-02-07
Canada,Jayden Nelson,14,Austin FC,2002-09-26
Qatar,Mahmud Abunada,5,Al-Rayyan,2000-02-05
Qatar,Pedro Miguel,99,Al-Sadd,1990-08-06
Qatar,Lucas Mendes,25,Al-Wakrah,1990-07-03
Qatar,Issa Laye,4,Al-Arabi,1997-12-22
Qatar,Jassem Gaber,32,Al-Rayyan,2002-02-20
Qatar,Abdulaziz Hatem,117,Al-Rayyan,1990-01-01
Qatar,Ahmed Alaaeldin,68,Al-Rayyan,1993-01-31
Qatar,Edmilson Junior,16,Al-Duhail,1994-08-19
Qatar,Mohammed Muntari,67,Al-Gharafa,1993-12-20
Qatar,Hassan Al-Haydos,186,Al-Sadd,1990-12-11
Qatar,Akram Afif,125,Al-Sadd,1996-11-18
Qatar,Karim Boudiaf,118,Al-Duhail,1990-09-16
Qatar,Ayoub Al-Oui,6,Al-Gharafa,2005-03-11
Qatar,Homam Ahmed,68,Cultural Leonesa,1999-08-25
Qatar,Yusuf Abdurisag,39,Al-Wakrah,1999-08-06
Qatar,Boualem Khoukhi,116,Al-Sadd,1990-07-09
Qatar,Ahmed Al-Ganehi,13,Al-Gharafa,2000-09-22
Qatar,Sultan Al-Brake,17,Al-Duhail,1996-04-07
Qatar,Almoez Ali,115,Al-Duhail,1996-08-19
Qatar,Ahmed Fathy,48,Al-Arabi,1993-01-25
Qatar,Salah Zakaria,8,Al-Duhail,1999-04-24
Qatar,Meshaal Barsham,52,Al-Sadd,1998-02-14
Qatar,Assim Madibo,51,Al-Wakrah,1996-10-22
Qatar,Tahsin Jamshid,3,Al-Duhail,2006-06-16
Qatar,Al-Hashmi Al-Hussain,8,Al-Arabi,2003-08-15
Qatar,Mohamed Manai,10,Al-Shamal,2002-10-25
Switzerland,Gregor Kobel,21,Borussia Dortmund,1997-12-06
Switzerland,Miro Muheim,10,Hamburger SV,1998-03-24
Switzerland,Silvan Widmer,60,Mainz 05,1993-03-05
Switzerland,Nico Elvedi,67,Borussia Mönchengladbach,1996-09-30
Switzerland,Manuel Akanji,81,Inter Milan,1995-07-19
Switzerland,Denis Zakaria,65,Monaco,1996-11-20
Switzerland,Breel Embolo,86,Rennes,1997-02-14
Switzerland,Remo Freuler,88,Bologna,1992-04-15
Switzerland,Johan Manzambi,12,SC Freiburg,2005-10-14
Switzerland,Granit Xhaka,146,Sunderland,1992-09-27
Switzerland,Dan Ndoye,31,Nottingham Forest,2000-10-25
Switzerland,Yvon Mvogo,13,Lorient,1994-06-06
Switzerland,Ricardo Rodriguez,138,Real Betis,1992-08-25
Switzerland,Ardon Jashari,8,Milan,2002-07-30
Switzerland,Djibril Sow,52,Sevilla,1997-02-06
Switzerland,Christian Fassnacht,23,Young Boys,1993-11-11
Switzerland,Rubén Vargas,61,Sevilla,1998-08-05
Switzerland,Eray Cömert,22,Valencia,1998-02-04
Switzerland,Noah Okafor,25,Leeds United,2000-05-24
Switzerland,Michel Aebischer,40,Pisa,1997-01-06
Switzerland,Marvin Keller,1,Young Boys,2002-07-03
Switzerland,Fabian Rieder,28,FC Augsburg,2002-02-16
Switzerland,Zeki Amdouni,29,Burnley,2000-12-04
Switzerland,Aurèle Amenda,7,Eintracht Frankfurt,2003-07-31
Switzerland,Luca Jaquez,3,VfB Stuttgart,2003-06-02
Switzerland,Cedric Itten,15,Fortuna Düsseldorf,1996-12-27
Brazil,Alisson,78,Liverpool,1992-10-02
Brazil,Éderson Silva,3,Atalanta,1999-07-07
Brazil,Gabriel Magalhães,17,Arsenal,1997-12-19
Brazil,Marquinhos,105,Paris Saint-Germain,1994-05-14
Brazil,Casemiro,86,Manchester United,1992-02-23
Brazil,Alex Sandro,45,Flamengo,1991-01-26
Brazil,Vinícius Júnior,49,Real Madrid,2000-07-12
Brazil,Bruno Guimarães,43,Newcastle United,1997-11-16
Brazil,Matheus Cunha,23,Manchester United,1999-05-27
Brazil,Neymar,128,Santos,1992-02-05
Brazil,Raphinha,39,Barcelona,1996-12-14
Brazil,Weverton,11,Grêmio,1987-12-13
Brazil,Danilo Luiz,70,Flamengo,1991-07-15
Brazil,Bremer,8,Juventus,1997-03-18
Brazil,Léo Pereira,4,Flamengo,1996-01-31
Brazil,Douglas Santos,7,Zenit Saint Petersburg,1994-03-22
Brazil,Fabinho,33,Al-Ittihad,1993-10-23
Brazil,Danilo Santos,4,Botafogo,2001-04-29
Brazil,Endrick,17,Lyon,2006-07-21
Brazil,Lucas Paquetá,63,Flamengo,1997-08-27
Brazil,Luiz Henrique,15,Zenit Saint Petersburg,2001-01-02
Brazil,Gabriel Martinelli,23,Arsenal,2001-06-18
Brazil,Ederson Moraes,32,Fenerbahçe,1993-08-17
Brazil,Roger Ibañez,7,Al-Ahli,1998-11-23
Brazil,Igor Thiago,4,Brentford,2001-06-26
Brazil,Rayan,2,Bournemouth,2006-08-03
Haiti,Johny Placide,82,Bastia,1988-01-29
Haiti,Carlens Arcus,56,Angers,1996-06-28
Haiti,Keeto Thermoncy,1,Young Boys,2006-03-29
Haiti,Ricardo Adé,59,LDU Quito,1990-05-21
Haiti,Hannes Delcroix,7,Lugano,1999-02-28
Haiti,Carl Sainté,26,El Paso Locomotive FC,2002-08-09
Haiti,Derrick Etienne Jr.,51,Toronto FC,1996-11-25
Haiti,Martin Expérience,21,Nancy,1999-03-09
Haiti,Duckens Nazon,82,Esteghlal,1994-04-07
Haiti,Jean-Ricner Bellegarde,10,Wolverhampton Wanderers,1998-06-27
Haiti,Louicius Deedson,32,FC Dallas,2001-02-11
Haiti,Alexandre Pierre,16,Sochaux,2001-02-25
Haiti,Duke Lacroix,16,Colorado Springs Switchbacks FC,1993-10-14
Haiti,Garven Metusala,16,Colorado Springs Switchbacks FC,1999-12-31
Haiti,Ruben Providence,15,Almere City,2001-07-07
Haiti,Lenny Joseph,2,Ferencváros,2000-10-12
Haiti,Danley Jean Jacques,31,Philadelphia Union,2000-05-20
Haiti,Wilson Isidor,4,Sunderland,2000-08-27
Haiti,Yassin Fortuné,4,Vizela,1999-01-30
Haiti,Frantzdy Pierrot,51,Çaykur Rizespor,1995-03-29
Haiti,Josué Casimir,7,Auxerre,2001-09-24
Haiti,Jean-Kévin Duverne,17,Gent,1997-07-12
Haiti,Josué Duverger,7,Cosmos Koblenz,2000-04-27
Haiti,Wilguens Paugain,8,Zulte Waregem,2001-08-24
Haiti,Dominique Simon,2,Tatran Prešov,2000-07-29
Haiti,Woodensky Pierre,1,Violette,2004-12-30
Morocco,Yassine Bounou,90,Al-Hilal,1991-04-05
Morocco,Achraf Hakimi,96,Paris Saint-Germain,1998-11-04
Morocco,Noussair Mazraoui,45,Manchester United,1997-11-14
Morocco,Sofyan Amrabat,75,Real Betis,1996-08-21
Morocco,Marwane Saâdane,8,Al-Fateh,1992-01-17
Morocco,Ayyoub Bouaddi,3,Lille,2007-10-02
Morocco,Chemsdine Talbi,5,Sunderland,2005-05-09
Morocco,Azzedine Ounahi,49,Girona,2000-04-19
Morocco,Soufiane Rahimi,37,Al Ain,1996-06-02
Morocco,Brahim Díaz,26,Real Madrid,1999-08-03
Morocco,Ismael Saibari,31,PSV Eindhoven,2001-01-28
Morocco,Munir Mohamedi,53,RS Berkane,1989-05-10
Morocco,Zakaria El Ouahdi,3,Genk,2001-12-31
Morocco,Issa Diop,4,Fulham,1997-01-09
Morocco,Samir El Mourabet,4,Strasbourg,2005-10-06
Morocco,Gessime Yassine,5,Strasbourg,2005-11-22
Morocco,Amine Sbaï,2,Angers,2000-11-05
Morocco,Chadi Riad,6,Crystal Palace,2003-06-17
Morocco,Youssef Belammari,19,Al Ahly,1998-09-20
Morocco,Ayoub El Kaabi,71,Olympiacos,1993-06-25
Morocco,Ayoube Amaimouni,2,Eintracht Frankfurt,2004-11-30
Morocco,Ahmed Reda Tagnaouti,3,AS FAR,1996-04-05
Morocco,Bilal El Khannouss,37,VfB Stuttgart,2004-05-10
Morocco,Neil El Aynaoui,16,Roma,2001-07-02
Morocco,Redouane Halhal,3,Mechelen,2003-03-05
Morocco,Anass Salah-Eddine,9,PSV Eindhoven,2002-01-18
Scotland,Angus Gunn,22,Nottingham Forest,1996-01-22
Scotland,Aaron Hickey,21,Brentford,2002-06-10
Scotland,Andy Robertson,94,Liverpool,1994-03-11
Scotland,Scott McTominay,70,Napoli,1996-12-08
Scotland,Grant Hanley,68,Hibernian,1991-11-20
Scotland,Kieran Tierney,56,Celtic,1997-06-05
Scotland,John McGinn,86,Aston Villa,1994-10-18
Scotland,Tyler Fletcher,2,Manchester United,2007-03-19
Scotland,Lyndon Dykes,51,Charlton Athletic,1995-10-07
Scotland,Ché Adams,47,Torino,1996-07-13
Scotland,Ryan Christie,68,Bournemouth,1995-02-22
Scotland,Liam Kelly,3,Rangers,1996-01-23
Scotland,Jack Hendry,38,Al-Ettifaq,1995-05-07
Scotland,Ross Stewart,3,Southampton,1996-07-11
Scotland,John Souttar,24,Rangers,1996-09-25
Scotland,Dominic Hyam,4,Wrexham,1995-12-20
Scotland,Ben Gannon-Doak,14,Bournemouth,2005-11-11
Scotland,George Hirst,10,Ipswich Town,1999-02-15
Scotland,Lewis Ferguson,24,Bologna,1999-08-24
Scotland,Lawrence Shankland,20,Heart of Midlothian,1995-08-10
Scotland,Craig Gordon,84,Heart of Midlothian,1982-12-31
Scotland,Nathan Patterson,26,Everton,2001-10-16
Scotland,Kenny McLean,58,Norwich City,1992-01-08
Scotland,Anthony Ralston,27,Celtic,1998-11-16
Scotland,Findlay Curtis,3,Kilmarnock,2006-06-09
Scotland,Scott McKenna,50,Dinamo Zagreb,1996-11-12
Australia,Mathew Ryan,104,Levante,1992-04-08
Australia,Miloš Degenek,57,APOEL,1994-04-28
Australia,Alessandro Circati,13,Parma,2003-10-10
Australia,Jacob Italiano,5,Grazer AK,2001-07-30
Australia,Jordan Bos,27,Feyenoord,2002-10-29
Australia,Jason Geria,14,Albirex Niigata,1993-05-10
Australia,Mathew Leckie,80,Melbourne City,1991-02-04
Australia,Connor Metcalfe,36,FC St. Pauli,1999-11-05
Australia,Mohamed Touré,10,Norwich City,2004-03-26
Australia,Ajdin Hrustic,37,Heracles Almelo,1996-07-05
Australia,Awer Mabil,38,Castellón,1995-09-15
Australia,Paul Izzo,4,Randers,1995-01-06
Australia,Aiden O'Neill,31,New York City FC,1998-07-04
Australia,Cammy Devlin,5,Heart of Midlothian,1998-06-07
Australia,Kai Trewin,6,New York City FC,2001-05-18
Australia,Aziz Behich,84,Melbourne City,1990-12-16
Australia,Nestory Irankunda,15,Watford,2006-02-09
Australia,Patrick Beach,2,Melbourne City,2003-08-06
Australia,Harry Souttar,38,Leicester City,1998-10-22
Australia,Cristian Volpato,1,Sassuolo,2003-11-15
Australia,Cameron Burgess,27,Swansea City,1995-10-21
Australia,Jackson Irvine,82,FC St. Pauli,1993-03-07
Australia,Nishan Velupillay,7,Melbourne Victory,2001-05-07
Australia,Paul Okon-Engstler,6,Sydney FC,2005-01-24
Australia,Lucas Herrington,4,Colorado Rapids,2007-09-05
Australia,Tete Yengi,1,Machida Zelvia,2000-11-28
Paraguay,Gatito Fernández,31,Cerro Porteño,1988-03-29
Paraguay,Gustavo Velázquez,13,Cerro Porteño,1991-04-17
Paraguay,Omar Alderete,36,Sunderland,1996-12-26
Paraguay,Juan José Cáceres,17,Dynamo Moscow,2000-06-01
Paraguay,Fabián Balbuena,48,Grêmio,1991-08-23
Paraguay,Júnior Alonso,71,Atlético Mineiro,1993-02-09
Paraguay,Ramón Sosa,29,Palmeiras,1999-08-31
Paraguay,Diego Gómez,24,Brighton & Hove Albion,2003-03-27
Paraguay,Antonio Sanabria,48,Cremonese,1996-03-04
Paraguay,Miguel Almirón,76,Atlanta United FC,1994-02-10
Paraguay,Maurício,3,Palmeiras,2001-06-22
Paraguay,Orlando Gill,6,San Lorenzo,2000-06-11
Paraguay,José Canale,2,Lanús,1996-07-20
Paraguay,Andrés Cubas,33,Vancouver Whitecaps FC,1996-05-11
Paraguay,Gustavo Gómez,89,Palmeiras,1993-05-06
Paraguay,Damián Bobadilla,19,São Paulo,2001-07-11
Paraguay,Kaku,33,Al Ain,1995-01-11
Paraguay,Álex Arce,15,Independiente Rivadavia,1995-06-16
Paraguay,Julio Enciso,32,Strasbourg,2004-01-23
Paraguay,Braian Ojeda,17,Orlando City SC,2000-06-27
Paraguay,Gabriel Ávalos,23,Independiente,1991-07-09
Paraguay,Gastón Olveira,1,Olimpia,1993-04-21
Paraguay,Matías Galarza,15,Atlanta United FC,2002-02-11
Paraguay,Gustavo Caballero,2,Portsmouth,2001-09-21
Paraguay,Isidro Pitta,5,Red Bull Bragantino,1999-08-14
Paraguay,Alexandro Maidana,2,Talleres,2005-07-26
Turkey,Mert Günok,37,Fenerbahçe,1989-03-01
Turkey,Zeki Çelik,61,Roma,1997-02-17
Turkey,Merih Demiral,62,Al-Ahli,1998-03-05
Turkey,Çağlar Söyüncü,60,Fenerbahçe,1996-05-23
Turkey,Salih Özcan,30,Borussia Dortmund,1998-01-11
Turkey,Orkun Kökçü,50,Beşiktaş,2000-12-29
Turkey,Kerem Aktürkoğlu,52,Fenerbahçe,1998-10-21
Turkey,Arda Güler,29,Real Madrid,2005-02-25
Turkey,Deniz Gül,8,Porto,2004-07-02
Turkey,Hakan Çalhanoğlu,105,Inter Milan,1994-02-08
Turkey,Kenan Yıldız,28,Juventus,2005-05-04
Turkey,Altay Bayındır,12,Manchester United,1998-04-14
Turkey,Eren Elmalı,23,Galatasaray,2000-07-07
Turkey,Abdülkerim Bardakcı,27,Galatasaray,1994-09-07
Turkey,Ozan Kabak,30,TSG Hoffenheim,2000-03-25
Turkey,İsmail Yüksek,32,Fenerbahçe,1999-01-26
Turkey,İrfan Can Kahveci,47,Kasımpaşa,1995-07-15
Turkey,Mert Müldür,45,Fenerbahçe,1999-04-03
Turkey,Yunus Akgün,19,Galatasaray,2000-07-07
Turkey,Ferdi Kadıoğlu,30,Brighton & Hove Albion,1999-10-07
Turkey,Barış Alper Yılmaz,35,Galatasaray,2000-05-23
Turkey,Kaan Ayhan,73,Galatasaray,1994-11-10
Turkey,Uğurcan Çakır,39,Galatasaray,1996-04-05
Turkey,Oğuz Aydın,11,Fenerbahçe,2000-10-27
Turkey,Samet Akaydin,19,Çaykur Rizespor,1994-03-13
Turkey,Can Uzun,6,Eintracht Frankfurt,2005-11-11
United States,Matt Turner,54,New England Revolution,1994-06-24
United States,Sergiño Dest,39,PSV Eindhoven,2000-11-03
United States,Chris Richards,36,Crystal Palace,2000-03-28
United States,Tyler Adams,54,Bournemouth,1999-02-14
United States,Antonee Robinson,54,Fulham,1997-08-08
United States,Auston Trusty,8,Celtic,1998-08-12
United States,Giovanni Reyna,38,Borussia Mönchengladbach,2002-11-13
United States,Weston McKennie,66,Juventus,1998-08-28
United States,Ricardo Pepi,37,PSV Eindhoven,2003-01-09
United States,Christian Pulisic,86,Milan,1998-09-18
United States,Brenden Aaronson,58,Leeds United,2000-10-22
United States,Miles Robinson,40,FC Cincinnati,1997-03-14
United States,Tim Ream,82,Charlotte FC,1987-10-05
United States,Sebastian Berhalter,13,Vancouver Whitecaps FC,2001-05-10
United States,Cristian Roldan,47,Seattle Sounders FC,1995-06-03
United States,Alex Freeman,17,Villarreal,2004-08-09
United States,Malik Tillman,30,Bayer Leverkusen,2002-05-28
United States,Max Arfsten,20,Columbus Crew,2001-04-19
United States,Haji Wright,20,Coventry City,1998-03-27
United States,Folarin Balogun,27,Monaco,2001-07-03
United States,Timothy Weah,51,Marseille,2000-02-22
United States,Mark McKenzie,29,Toulouse,1999-02-25
United States,Joe Scally,26,Borussia Mönchengladbach,2002-12-31
United States,Matt Freese,15,New York City FC,1998-09-02
United States,Chris Brady,1,Chicago Fire FC,2004-03-03
United States,Alejandro Zendejas,14,América,1998-02-07
Curaçao,Eloy Room,71,Miami FC,1989-02-06
Curaçao,Shurandy Sambo,8,Sparta Rotterdam,2001-08-19
Curaçao,Juriën Gaari,60,Abha,1993-12-23
Curaçao,Roshon van Eijma,28,RKC Waalwijk,1998-06-09
Curaçao,Sherel Floranus,28,PEC Zwolle,1998-08-23
Curaçao,Godfried Roemeratoe,28,RKC Waalwijk,1999-08-19
Curaçao,Juninho Bacuna,49,Volendam,1997-08-07
Curaçao,Livano Comenencia,20,Zürich,2004-02-03
Curaçao,Jürgen Locadia,13,Miami FC,1993-11-07
Curaçao,Leandro Bacuna,72,Iğdır,1991-08-21
Curaçao,Jeremy Antonisse,27,Kifisia,2002-03-29
Curaçao,Sontje Hansen,6,Middlesbrough,2002-05-18
Curaçao,Tyrese Noslin,7,Telstar,2002-09-11
Curaçao,Kenji Gorré,38,Maccabi Haifa,1994-09-29
Curaçao,Ar'jany Martha,9,Rotherham United,2003-09-04
Curaçao,Jearl Margaritha,22,Beveren,2000-04-10
Curaçao,Brandley Kuwas,35,Volendam,1992-09-19
Curaçao,Armando Obispo,6,PSV Eindhoven,1999-03-05
Curaçao,Gervane Kastaneer,29,Terengganu,1996-06-09
Curaçao,Joshua Brenet,18,Kayserispor,1994-03-20
Curaçao,Tahith Chong,6,Sheffield United,1999-12-04
Curaçao,Kevin Felida,19,Den Bosch,1999-11-11
Curaçao,Riechedly Bazoer,5,Konyaspor,1996-10-12
Curaçao,Deveron Fonville,2,NEC,2003-05-16
Curaçao,Tyrick Bodak,4,Telstar,2002-05-15
Curaçao,Trevor Doornbusch,8,VVV-Venlo,1999-07-06
Ecuador,Hernán Galíndez,35,Huracán,1987-03-30
Ecuador,Félix Torres,49,Internacional,1997-01-11
Ecuador,Piero Hincapié,52,Arsenal,2002-01-09
Ecuador,Joel Ordóñez,17,Club Brugge,2004-04-21
Ecuador,Jordy Alcívar,11,Independiente del Valle,1999-08-05
Ecuador,Willian Pacho,34,Paris Saint-Germain,2001-10-16
Ecuador,Pervis Estupiñán,54,Milan,1998-01-21
Ecuador,Anthony Valencia,3,Antwerp,2003-07-21
Ecuador,John Yeboah,23,Venezia,2000-06-23
Ecuador,Kendry Páez,26,River Plate,2007-05-04
Ecuador,Kevin Rodríguez,31,Union Saint-Gilloise,2000-03-04
Ecuador,Moisés Ramírez,7,Kifisia,2000-09-09
Ecuador,Enner Valencia,105,Pachuca,1989-11-04
Ecuador,Alan Minda,20,Atlético Mineiro,2003-05-14
Ecuador,Pedro Vite,17,Pumas,2002-03-09
Ecuador,Jordy Caicedo,20,Huracán,1997-11-18
Ecuador,Ángelo Preciado,55,Atlético Mineiro,1998-02-18
Ecuador,Denil Castillo,5,Midtjylland,2004-03-24
Ecuador,Gonzalo Plata,50,Flamengo,2000-11-01
Ecuador,Nilson Angulo,14,Sunderland,2003-06-19
Ecuador,Alan Franco,58,Atlético Mineiro,1998-08-21
Ecuador,Gonzalo Valle,4,LDU Quito,1996-02-28
Ecuador,Moisés Caicedo,61,Chelsea,2001-11-02
Ecuador,Jeremy Arévalo,4,VfB Stuttgart,2005-03-19
Ecuador,Jackson Porozo,10,Tijuana,2000-08-04
Ecuador,Yaimar Medina,6,Genk,2004-11-05
Germany,Manuel Neuer,124,Bayern Munich,1986-03-27
Germany,Antonio Rüdiger,82,Real Madrid,1993-03-03
Germany,Waldemar Anton,13,Borussia Dortmund,1996-07-20
Germany,Jonathan Tah,47,Bayern Munich,1996-02-11
Germany,Aleksandar Pavlović,11,Bayern Munich,2004-05-03
Germany,Joshua Kimmich,110,Bayern Munich,1995-02-08
Germany,Kai Havertz,58,Arsenal,1999-06-11
Germany,Leon Goretzka,70,Bayern Munich,1995-02-06
Germany,Jamie Leweling,5,VfB Stuttgart,2001-02-26
Germany,Jamal Musiala,42,Bayern Munich,2003-02-26
Germany,Nick Woltemade,11,Newcastle United,2002-02-14
Germany,Oliver Baumann,13,TSG Hoffenheim,1990-06-02
Germany,Pascal Groß,18,Brighton & Hove Albion,1991-06-15
Germany,Maximilian Beier,9,Borussia Dortmund,2002-10-17
Germany,Nico Schlotterbeck,27,Borussia Dortmund,1999-12-01
Germany,Angelo Stiller,8,VfB Stuttgart,2001-04-04
Germany,Florian Wirtz,41,Liverpool,2003-05-03
Germany,Nathaniel Brown,5,Eintracht Frankfurt,2003-06-16
Germany,Leroy Sané,76,Galatasaray,1996-01-11
Germany,Nadiem Amiri,11,Mainz 05,1996-10-27
Germany,Alexander Nübel,3,VfB Stuttgart,1996-09-30
Germany,David Raum,37,RB Leipzig,1998-04-22
Germany,Felix Nmecha,8,Borussia Dortmund,2000-10-10
Germany,Malick Thiaw,5,Newcastle United,2001-08-08
Germany,Assan Ouédraogo,1,RB Leipzig,2006-05-09
Germany,Deniz Undav,9,VfB Stuttgart,1996-07-19
Ivory Coast,Yahia Fofana,35,Çaykur Rizespor,2000-08-21
Ivory Coast,Ousmane Diomande,15,Sporting CP,2003-12-04
Ivory Coast,Ghislain Konan,54,Gil Vicente,1995-12-27
Ivory Coast,Jean Michaël Seri,65,Maribor,1991-07-19
Ivory Coast,Wilfried Singo,34,Galatasaray,2000-12-25
Ivory Coast,Seko Fofana,32,Porto,1995-05-07
Ivory Coast,Odilon Kossounou,35,Atalanta,2001-01-04
Ivory Coast,Franck Kessié,103,Al-Ahli,1996-12-19
Ivory Coast,Ange-Yoan Bonny,1,Inter Milan,2003-10-25
Ivory Coast,Simon Adingra,29,Monaco,2002-01-01
Ivory Coast,Yan Diomande,10,RB Leipzig,2006-11-14
Ivory Coast,Elye Wahi,2,Nice,2003-01-02
Ivory Coast,Christopher Opéri,12,İstanbul Başakşehir,1997-04-29
Ivory Coast,Oumar Diakité,29,Cercle Brugge,2003-12-20
Ivory Coast,Amad Diallo,19,Manchester United,2002-07-11
Ivory Coast,Mohamed Koné,0,Charleroi,2002-03-07
Ivory Coast,Guéla Doué,20,Strasbourg,2002-10-17
Ivory Coast,Ibrahim Sangaré,58,Nottingham Forest,1997-12-02
Ivory Coast,Nicolas Pépé,55,Villarreal,1995-05-29
Ivory Coast,Emmanuel Agbadou,20,Beşiktaş,1997-06-17
Ivory Coast,Evan Ndicka,28,Roma,1999-08-20
Ivory Coast,Evann Guessand,21,Crystal Palace,2001-07-01
Ivory Coast,Alban Lafont,4,Panathinaikos,1999-01-23
Ivory Coast,Bazoumana Touré,6,TSG Hoffenheim,2006-03-02
Ivory Coast,Parfait Guiagon,5,Charleroi,2001-02-22
Ivory Coast,Christ Inao Oulaï,9,Trabzonspor,2006-04-06
Japan,Zion Suzuki,24,Parma,2002-08-21
Japan,Yukinari Sugawara,21,Werder Bremen,2000-06-28
Japan,Shōgo Taniguchi,38,Sint-Truiden,1991-07-15
Japan,Kō Itakura,40,Ajax,1997-01-27
Japan,Yūto Nagatomo,145,FC Tokyo,1986-09-12
Japan,Shūto Machino,14,Borussia Mönchengladbach,1999-09-30
Japan,Ao Tanaka,38,Leeds United,1998-09-10
Japan,Takefusa Kubo,49,Real Sociedad,2001-06-04
Japan,Keisuke Gotō,4,Sint-Truiden,2005-06-03
Japan,Ritsu Dōan,65,Eintracht Frankfurt,1998-06-16
Japan,Daizen Maeda,27,Celtic,1997-10-20
Japan,Keisuke Ōsako,11,Sanfrecce Hiroshima,1999-07-28
Japan,Keito Nakamura,25,Reims,2000-07-28
Japan,Junya Itō,69,Genk,1993-03-09
Japan,Daichi Kamada,49,Crystal Palace,1996-08-05
Japan,Tsuyoshi Watanabe,11,Feyenoord,1997-02-05
Japan,Yuito Suzuki,6,SC Freiburg,2001-10-25
Japan,Ayase Ueda,39,Feyenoord,1998-08-28
Japan,Kōki Ogawa,15,NEC,1997-08-08
Japan,Ayumu Seko,14,Le Havre,2000-06-07
Japan,Hiroki Itō,24,Bayern Munich,1999-05-12
Japan,Takehiro Tomiyasu,43,Ajax,1998-11-05
Japan,Tomoki Hayakawa,4,Kashima Antlers,1999-03-03
Japan,Kaishū Sano,13,Mainz 05,2000-12-30
Japan,Junnosuke Suzuki,6,Copenhagen,2003-07-12
Japan,Kento Shiogai,2,VfL Wolfsburg,2005-03-26
Netherlands,Bart Verbruggen,29,Brighton & Hove Albion,2002-08-18
Netherlands,Lutsharel Geertruida,21,Sunderland,2000-07-18
Netherlands,Marten de Roon,43,Atalanta,1991-03-29
Netherlands,Virgil van Dijk,92,Liverpool,1991-07-08
Netherlands,Nathan Aké,59,Manchester City,1995-02-18
Netherlands,Jan Paul van Hecke,12,Brighton & Hove Albion,2000-06-08
Netherlands,Justin Kluivert,12,Bournemouth,1999-05-05
Netherlands,Ryan Gravenberch,27,Liverpool,2002-05-16
Netherlands,Wout Weghorst,52,Ajax,1992-08-07
Netherlands,Memphis Depay,109,Corinthians,1994-02-13
Netherlands,Cody Gakpo,50,Liverpool,1999-05-07
Netherlands,Mats Wieffer,15,Brighton & Hove Albion,1999-11-16
Netherlands,Robin Roefs,1,Sunderland,2003-01-17
Netherlands,Tijjani Reijnders,32,Manchester City,1998-07-29
Netherlands,Micky van de Ven,21,Tottenham Hotspur,2001-04-19
Netherlands,Guus Til,7,PSV Eindhoven,1997-12-22
Netherlands,Noa Lang,15,Galatasaray,1999-06-17
Netherlands,Donyell Malen,53,Roma,1999-01-19
Netherlands,Brian Brobbey,12,Sunderland,2002-02-01
Netherlands,Teun Koopmeiners,28,Juventus,1998-02-28
Netherlands,Frenkie de Jong,66,Barcelona,1997-05-12
Netherlands,Denzel Dumfries,72,Inter Milan,1996-04-18
Netherlands,Mark Flekken,12,Bayer Leverkusen,1993-06-13
Netherlands,Crysencio Summerville,2,West Ham United,2001-10-30
Netherlands,Jorrel Hato,8,Chelsea,2006-03-07
Netherlands,Quinten Timber,11,Marseille,2001-06-17
Sweden,Jacob Widell Zetterström,3,Derby County,1998-07-11
Sweden,Gustaf Lagerbielke,11,Braga,2000-04-10
Sweden,Victor Lindelöf,76,Aston Villa,1994-07-17
Sweden,Isak Hien,29,Atalanta,1999-01-13
Sweden,Gabriel Gudmundsson,24,Leeds United,1999-04-29
Sweden,Herman Johansson,3,FC Dallas,1997-10-16
Sweden,Lucas Bergvall,10,Tottenham Hotspur,2006-02-02
Sweden,Daniel Svensson,13,Borussia Dortmund,2002-02-12
Sweden,Alexander Isak,58,Liverpool,1999-09-21
Sweden,Benjamin Nygren,11,Celtic,2001-07-08
Sweden,Anthony Elanga,30,Newcastle United,2002-04-27
Sweden,Viktor Johansson,12,Stoke City,1998-09-14
Sweden,Ken Sema,33,Pafos,1993-09-30
Sweden,Hjalmar Ekdal,13,Burnley,1998-10-21
Sweden,Carl Starfelt,18,Celta Vigo,1995-06-01
Sweden,Jesper Karlström,25,Udinese,1995-06-21
Sweden,Viktor Gyökeres,33,Arsenal,1998-06-04
Sweden,Yasin Ayari,21,Brighton & Hove Albion,2003-10-06
Sweden,Mattias Svanberg,41,VfL Wolfsburg,1999-01-05
Sweden,Eric Smith,2,FC St. Pauli,1997-01-08
Sweden,Alexander Bernhardsson,11,Holstein Kiel,1998-09-08
Sweden,Besfort Zeneli,8,Union Saint-Gilloise,2002-11-21
Sweden,Kristoffer Nordfeldt,21,AIK,1989-06-23
Sweden,Elliot Stroud,1,Mjällby AIF,2002-06-22
Sweden,Gustaf Nilsson,10,Club Brugge,1997-05-23
Sweden,Taha Ali,2,Malmö FF,1998-07-01
Tunisia,Mouhib Chamakh,3,Club Africain,2001-08-25
Tunisia,Ali Abdi,46,Nice,1993-12-20
Tunisia,Montassar Talbi,64,Lorient,1998-05-26
Tunisia,Omar Rekik,6,Maribor,2001-12-20
Tunisia,Adem Arous,2,Kasımpaşa,2004-07-17
Tunisia,Dylan Bronn,52,Servette,1995-06-19
Tunisia,Elias Achouri,30,Copenhagen,1999-02-10
Tunisia,Elias Saad,15,Hannover 96,1999-12-27
Tunisia,Hazem Mastouri,19,Dynamo Makhachkala,1997-06-18
Tunisia,Hannibal Mejbri,45,Burnley,2003-01-21
Tunisia,Ismaël Gharbi,17,FC Augsburg,2004-04-10
Tunisia,Mortadha Ben Ouanes,18,Kasımpaşa,1994-07-02
Tunisia,Rani Khedira,3,Union Berlin,1994-01-27
Tunisia,Khalil Ayari,4,Paris Saint-Germain,2005-02-02
Tunisia,Hadj Mahmoud,9,Lugano,2000-04-24
Tunisia,Aymen Dahmen,37,CS Sfaxien,1997-01-28
Tunisia,Ellyes Skhiri,83,Eintracht Frankfurt,1995-05-10
Tunisia,Rayan Elloumi,4,Vancouver Whitecaps FC,2007-09-17
Tunisia,Firas Chaouat,30,Club Africain,1996-05-08
Tunisia,Yan Valery,22,Young Boys,1999-02-22
Tunisia,Mohamed Amine Ben Hamida,13,Espérance de Tunis,1995-12-15
Tunisia,Sabri Ben Hessen,2,Étoile du Sahel,1996-06-13
Tunisia,Moutaz Neffati,5,IFK Norrköping,2004-09-04
Tunisia,Raed Chikhaoui,0,US Monastir,2004-06-09
Tunisia,Anis Ben Slimane,41,Norwich City,2001-03-16
Tunisia,Sebastian Tounekti,12,Celtic,2002-07-13
Belgium,Thibaut Courtois,109,Real Madrid,1992-05-11
Belgium,Zeno Debast,26,Sporting CP,2003-10-24
Belgium,Arthur Theate,33,Eintracht Frankfurt,2000-05-25
Belgium,Brandon Mechele,9,Club Brugge,1993-01-28
Belgium,Maxim De Cuyper,19,Brighton & Hove Albion,2000-12-22
Belgium,Axel Witsel,138,Girona,1989-01-12
Belgium,Kevin De Bruyne,119,Napoli,1991-06-28
Belgium,Youri Tielemans,85,Aston Villa,1997-05-07
Belgium,Romelu Lukaku,126,Napoli,1993-05-13
Belgium,Leandro Trossard,51,Arsenal,1994-12-04
Belgium,Jérémy Doku,43,Manchester City,2002-05-27
Belgium,Senne Lammens,2,Manchester United,2002-07-07
Belgium,Mike Penders,0,Strasbourg,2005-07-31
Belgium,Dodi Lukébakio,30,Benfica,1997-09-24
Belgium,Thomas Meunier,80,Lille,1991-09-12
Belgium,Koni De Winter,8,Milan,2002-06-12
Belgium,Charles De Ketelaere,30,Atalanta,2001-03-10
Belgium,Joaquin Seys,5,Club Brugge,2005-03-28
Belgium,Diego Moreira,3,Strasbourg,2004-08-06
Belgium,Hans Vanaken,34,Club Brugge,1992-08-24
Belgium,Timothy Castagne,63,Fulham,1995-12-05
Belgium,Alexis Saelemaekers,24,Milan,1999-06-27
Belgium,Nicolas Raskin,13,Rangers,2001-02-23
Belgium,Amadou Onana,29,Aston Villa,2001-08-16
Belgium,Nathan Ngoy,4,Lille,2003-06-10
Belgium,Matias Fernandez-Pardo,2,Lille,2005-02-03
Egypt,Mohamed El Shenawy,76,Al Ahly,1988-12-18
Egypt,Yasser Ibrahim,17,Al Ahly,1993-02-10
Egypt,Mohamed Hany,42,Al Ahly,1996-02-02
Egypt,Hossam Abdelmaguid,13,Zamalek,2001-04-30
Egypt,Ramy Rabia,44,Al Ain,1993-05-20
Egypt,Mohamed Abdelmonem,36,Nice,1999-02-01
Egypt,Trézéguet,96,Al Ahly,1994-10-01
Egypt,Emam Ashour,29,Al Ahly,1998-02-20
Egypt,Hamza Abdelkarim,2,Barcelona B,2008-01-01
Egypt,Mohamed Salah,116,Liverpool,1992-06-15
Egypt,Mostafa Ziko,2,Pyramids,1997-04-27
Egypt,Haissem Hassan,4,Oviedo,2002-02-08
Egypt,Ahmed Fatouh,39,Zamalek,1998-03-22
Egypt,Hamdy Fathy,63,Al-Wakrah,1994-09-29
Egypt,Karim Hafez,9,Pyramids,1996-03-12
Egypt,El Mahdy Soliman,0,Zamalek,1987-06-08
Egypt,Mohanad Lasheen,23,Pyramids,1996-05-29
Egypt,Nabil Emad,12,Al-Najma,1996-04-06
Egypt,Marwan Attia,34,Al Ahly,1998-08-01
Egypt,Ibrahim Adel,24,Nordsjælland,2001-04-23
Egypt,Mahmoud Saber,15,ZED,2001-07-30
Egypt,Omar Marmoush,50,Manchester City,1999-02-07
Egypt,Mostafa Shobeir,9,Al Ahly,2000-05-15
Egypt,Tarek Alaa,3,ZED,2002-01-05
Egypt,Zizo,63,Al Ahly,1996-01-10
Egypt,Mohamed Alaa,0,El Gouna,1999-01-01
Iran,Alireza Beiranvand,86,Tractor,1992-09-21
Iran,Saleh Hardani,18,Esteghlal,1998-12-26
Iran,Ehsan Hajsafi,146,Sepahan,1990-02-25
Iran,Shojae Khalilzadeh,58,Tractor,1989-05-14
Iran,Milad Mohammadi,76,Persepolis,1993-09-29
Iran,Saeid Ezatolahi,83,Shabab Al Ahli,1996-10-01
Iran,Alireza Jahanbakhsh,98,Dender,1993-08-11
Iran,Mohammad Mohebi,36,Rostov,1998-12-20
Iran,Mehdi Taremi,105,Olympiacos,1992-07-18
Iran,Mehdi Ghayedi,30,Al Nasr,1998-12-05
Iran,Ali Alipour,14,Persepolis,1995-11-11
Iran,Payam Niazmand,15,Persepolis,1995-04-06
Iran,Hossein Kanaanizadegan,65,Persepolis,1994-03-23
Iran,Saman Ghoddos,68,Kalba,1993-09-06
Iran,Rouzbeh Cheshmi,40,Esteghlal,1993-07-24
Iran,Mehdi Torabi,52,Tractor,1994-09-10
Iran,Aria Yousefi,14,Sepahan,2002-04-22
Iran,Amirhossein Hosseinzadeh,18,Tractor,2000-10-30
Iran,Ali Nemati,17,Foolad,1996-02-08
Iran,Shahriyar Moghanlou,21,Kalba,1994-12-21
Iran,Mohammad Ghorbani,16,Al Wahda,2001-10-07
Iran,Hossein Hosseini,13,Sepahan,1992-06-30
Iran,Ramin Rezaeian,74,Foolad,1990-03-21
Iran,Dennis Eckert,0,Standard Liège,1997-01-09
Iran,Danial Eiri,0,Malavan,2003-10-26
Iran,Amirmohammad Razzaghinia,4,Esteghlal,2006-04-11
New Zealand,Max Crocombe,24,Millwall,1993-08-12
New Zealand,Tim Payne,51,Wellington Phoenix,1994-01-10
New Zealand,Francis de Vries,20,Auckland FC,1994-11-28
New Zealand,Tyler Bindon,25,Sheffield United,2005-01-27
New Zealand,Michael Boxall,63,Minnesota United FC,1988-08-18
New Zealand,Joe Bell,32,Viking,1999-04-27
New Zealand,Matthew Garbett,37,Peterborough United,2002-04-13
New Zealand,Marko Stamenić,39,Swansea City,2002-02-19
New Zealand,Chris Wood,90,Nottingham Forest,1991-12-07
New Zealand,Sarpreet Singh,28,Wellington Phoenix,1999-02-20
New Zealand,Elijah Just,44,Motherwell,2000-05-01
New Zealand,Alex Paulsen,8,Lechia Gdańsk,2002-07-04
New Zealand,Liberato Cacace,37,Wrexham,2000-09-27
New Zealand,Alex Rufer,26,Wellington Phoenix,1996-06-12
New Zealand,Nando Pijnaker,25,Auckland FC,1999-02-25
New Zealand,Finn Surman,19,Portland Timbers,2003-09-23
New Zealand,Kosta Barbarouses,76,Western Sydney Wanderers,1990-02-19
New Zealand,Ben Waine,31,Port Vale,2001-06-11
New Zealand,Ben Old,24,Saint-Étienne,2002-08-13
New Zealand,Callum McCowatt,32,Silkeborg,1999-04-30
New Zealand,Jesse Randall,11,Auckland FC,2002-08-19
New Zealand,Michael Woud,6,Auckland FC,1999-01-16
New Zealand,Ryan Thomas,25,PEC Zwolle,1994-12-20
New Zealand,Callan Elliot,11,Auckland FC,1999-07-07
New Zealand,Lachlan Bayliss,4,Newcastle Jets,2002-07-24
New Zealand,Tommy Smith,56,Braintree Town,1990-03-31
Cape Verde,Vozinha,90,Chaves,1986-06-03
Cape Verde,Stopira,61,Torreense,1988-05-20
Cape Verde,Diney,32,Al Bataeh,1995-01-17
Cape Verde,Roberto Lopes,45,Shamrock Rovers,1992-06-17
Cape Verde,Logan Costa,28,Villarreal,2001-04-01
Cape Verde,Kevin Pina,31,Krasnodar,1997-01-27
Cape Verde,Jovane Cabral,29,Estrela Amadora,1998-06-14
Cape Verde,João Paulo,41,FCSB,1998-05-26
Cape Verde,Gilson Benchimol,21,Akron Tolyatti,2001-12-29
Cape Verde,Jamiro Monteiro,55,PEC Zwolle,1993-11-23
Cape Verde,Garry Rodrigues,61,Apollon Limassol,1990-11-27
Cape Verde,Márcio Rosa,11,Montana,1997-02-23
Cape Verde,Sidny Lopes Cabral,11,Benfica,2002-09-18
Cape Verde,Deroy Duarte,33,Ludogorets Razgrad,1999-07-04
Cape Verde,Laros Duarte,20,Puskás Akadémia,1997-02-28
Cape Verde,Yannick Semedo,11,Farense,1995-12-29
Cape Verde,Willy Semedo,38,Omonia,1994-04-27
Cape Verde,Telmo Arcanjo,16,Vitória de Guimarães,2001-06-21
Cape Verde,Dailon Livramento,22,Casa Pia,2001-05-04
Cape Verde,Ryan Mendes,98,Iğdır,1990-01-08
Cape Verde,Nuno da Costa,9,İstanbul Başakşehir,1991-02-10
Cape Verde,Steven Moreira,20,Columbus Crew,1994-08-13
Cape Verde,CJ dos Santos,1,San Diego FC,2000-08-24
Cape Verde,Wagner Pina,14,Trabzonspor,2002-11-03
Cape Verde,Kelvin Pires,6,SJK,2000-06-05
Cape Verde,Hélio Varela,21,Maccabi Tel Aviv,2002-05-03
Saudi Arabia,Nawaf Al-Aqidi,24,Al-Nassr,2000-05-10
Saudi Arabia,Ali Majrashi,21,Al-Ahli,1999-10-02
Saudi Arabia,Ali Lajami,24,Al-Hilal,1996-04-24
Saudi Arabia,Abdulelah Al-Amri,44,Al-Nassr,1997-01-15
Saudi Arabia,Hassan Al-Tambakti,54,Al-Hilal,1999-02-09
Saudi Arabia,Nasser Al-Dawsari,47,Al-Hilal,1998-12-19
Saudi Arabia,Musab Al-Juwayr,37,Al-Qadsiah,2003-06-20
Saudi Arabia,Ayman Yahya,26,Al-Nassr,2001-05-14
Saudi Arabia,Firas Al-Buraikan,72,Al-Ahli,2000-05-14
Saudi Arabia,Salem Al-Dawsari,111,Al-Hilal,1991-08-19
Saudi Arabia,Saleh Al-Shehri,59,Al-Ittihad,1993-11-01
Saudi Arabia,Saud Abdulhamid,55,Lens,1999-07-18
Saudi Arabia,Nawaf Boushal,27,Al-Nassr,1999-09-16
Saudi Arabia,Hassan Kadesh,21,Al-Ittihad,1992-09-26
Saudi Arabia,Abdullah Al-Khaibari,42,Al-Nassr,1996-08-16
Saudi Arabia,Ziyad Al-Johani,12,Al-Ahli,2001-11-11
Saudi Arabia,Khalid Al-Ghannam,7,Al-Ettifaq,2000-11-08
Saudi Arabia,Alaa Al-Hejji,3,Neom,1995-12-03
Saudi Arabia,Abdullah Al-Hamdan,52,Al-Nassr,1999-09-13
Saudi Arabia,Sultan Mandash,7,Al-Hilal,1994-10-17
Saudi Arabia,Mohammed Al-Owais,65,Al-Ula,1991-10-10
Saudi Arabia,Ahmed Al-Kassar,9,Al-Qadsiah,1991-05-08
Saudi Arabia,Mohamed Kanno,79,Al-Hilal,1994-09-22
Saudi Arabia,Moteb Al-Harbi,13,Al-Hilal,2000-02-20
Saudi Arabia,Jehad Thakri,8,Al-Qadsiah,2001-07-21
Saudi Arabia,Mohammed Abu Al-Shamat,8,Al-Qadsiah,2002-08-11
Spain,David Raya,13,Arsenal,1995-09-15
Spain,Marc Pubill,2,Atlético Madrid,2003-06-20
Spain,Álex Grimaldo,14,Bayer Leverkusen,1995-09-20
Spain,Eric García,21,Barcelona,2001-01-09
Spain,Marcos Llorente,24,Atlético Madrid,1995-01-30
Spain,Mikel Merino,43,Arsenal,1996-06-22
Spain,Ferran Torres,57,Barcelona,2000-02-29
Spain,Fabián Ruiz,42,Paris Saint-Germain,1996-04-03
Spain,Gavi,30,Barcelona,2004-08-05
Spain,Dani Olmo,50,Barcelona,1998-05-07
Spain,Yéremy Pino,23,Crystal Palace,2002-10-20
Spain,Pedro Porro,18,Tottenham Hotspur,1999-09-13
Spain,Joan Garcia,2,Barcelona,2001-05-04
Spain,Aymeric Laporte,46,Athletic Bilbao,1994-05-27
Spain,Álex Baena,17,Atlético Madrid,2001-07-20
Spain,Rodri,62,Manchester City,1996-06-22
Spain,Nico Williams,30,Athletic Bilbao,2002-07-12
Spain,Martín Zubimendi,26,Arsenal,1999-02-02
Spain,Lamine Yamal,25,Barcelona,2007-07-13
Spain,Pedri,41,Barcelona,2002-11-25
Spain,Mikel Oyarzabal,53,Real Sociedad,1997-04-21
Spain,Pau Cubarsí,12,Barcelona,2007-01-22
Spain,Unai Simón,58,Athletic Bilbao,1997-06-11
Spain,Marc Cucurella,24,Chelsea,1998-07-22
Spain,Víctor Muñoz,2,Osasuna,2003-07-13
Spain,Borja Iglesias,8,Celta Vigo,1993-01-17
Uruguay,Sergio Rochet,35,Internacional,1993-03-23
Uruguay,José María Giménez,99,Atlético Madrid,1995-01-20
Uruguay,Sebastián Cáceres,24,América,1999-08-18
Uruguay,Ronald Araújo,27,Barcelona,1999-03-07
Uruguay,Manuel Ugarte,36,Manchester United,2001-04-11
Uruguay,Rodrigo Bentancur,74,Tottenham Hotspur,1997-06-25
Uruguay,Nicolás de la Cruz,34,Flamengo,1997-06-01
Uruguay,Federico Valverde,73,Real Madrid,1998-07-22
Uruguay,Darwin Núñez,38,Al-Hilal,1999-06-24
Uruguay,Giorgian de Arrascaeta,60,Flamengo,1994-06-01
Uruguay,Facundo Pellistri,39,Panathinaikos,2001-12-20
Uruguay,Santiago Mele,8,Monterrey,1997-09-06
Uruguay,Guillermo Varela,28,Flamengo,1993-03-24
Uruguay,Agustín Canobbio,15,Fluminense,1998-10-01
Uruguay,Emiliano Martínez,10,Palmeiras,1999-08-17
Uruguay,Mathías Olivera,35,Napoli,1997-10-31
Uruguay,Matías Viña,43,River Plate,1997-11-09
Uruguay,Brian Rodríguez,32,América,2000-05-20
Uruguay,Rodrigo Aguirre,10,UANL,1994-10-01
Uruguay,Maximiliano Araújo,28,Sporting CP,2000-02-15
Uruguay,Federico Viñas,11,Oviedo,1998-06-30
Uruguay,Joaquín Piquerez,19,Palmeiras,1998-08-24
Uruguay,Fernando Muslera,134,Estudiantes,1986-06-16
Uruguay,Santiago Bueno,8,Wolverhampton Wanderers,1998-11-09
Uruguay,Juan Manuel Sanabria,5,Real Salt Lake,2000-03-29
Uruguay,Rodrigo Zalazar,8,Braga,1999-08-12
France,Brice Samba,4,Rennes,1994-04-25
France,Malo Gusto,11,Chelsea,2003-05-19
France,Lucas Digne,58,Aston Villa,1993-07-20
France,Dayot Upamecano,38,Bayern Munich,1998-10-27
France,Jules Koundé,48,Barcelona,1998-11-12
France,Manu Koné,14,Roma,2001-05-17
France,Ousmane Dembélé,59,Paris Saint-Germain,1997-05-15
France,Aurélien Tchouaméni,46,Real Madrid,2000-01-27
France,Marcus Thuram,34,Inter Milan,1997-08-06
France,Kylian Mbappé,98,Real Madrid,1998-12-20
France,Michael Olise,17,Bayern Munich,2001-12-12
France,Bradley Barcola,20,Paris Saint-Germain,2002-09-02
France,N'Golo Kanté,69,Fenerbahçe,1991-03-29
France,Adrien Rabiot,59,Milan,1995-04-03
France,Ibrahima Konaté,28,Liverpool,1999-05-25
France,Mike Maignan,40,Milan,1995-07-03
France,William Saliba,32,Arsenal,2001-03-24
France,Warren Zaïre-Emery,11,Paris Saint-Germain,2006-03-08
France,Théo Hernandez,44,Al-Hilal,1997-10-06
France,Désiré Doué,7,Paris Saint-Germain,2005-06-03
France,Lucas Hernandez,42,Paris Saint-Germain,1996-02-14
France,Jean-Philippe Mateta,4,Crystal Palace,1997-06-28
France,Robin Risser,0,Lens,2004-12-02
France,Rayan Cherki,7,Manchester City,2003-08-17
France,Maghnes Akliouche,9,Monaco,2002-02-25
France,Maxence Lacroix,4,Crystal Palace,2000-04-06
Iraq,Fahad Talib,21,Al-Talaba,1994-10-21
Iraq,Rebin Sulaka,56,Port,1992-04-12
Iraq,Hussein Ali,27,Pogoń Szczecin,2002-03-01
Iraq,Zaid Tahseen,28,Pakhtakor,2001-01-29
Iraq,Akam Hashim,14,Al-Zawraa,1998-08-16
Iraq,Manaf Younis,34,Al-Shorta,1996-11-16
Iraq,Youssef Amyn,27,AEK Larnaca,2003-08-21
Iraq,Ibrahim Bayesh,76,Al Dhafra,2000-05-01
Iraq,Ali Al-Hamadi,20,Luton Town,2002-03-01
Iraq,Mohanad Ali,72,Dibba,2000-06-20
Iraq,Ahmed Qasem,3,Nashville SC,2003-07-12
Iraq,Jalal Hassan,102,Al-Zawraa,1991-05-18
Iraq,Ali Yousif,7,Al-Talaba,1996-01-19
Iraq,Zidane Iqbal,25,Utrecht,2003-04-27
Iraq,Ahmed Maknzi,7,Al-Karma,2001-09-24
Iraq,Amir Al-Ammari,51,Cracovia,1997-07-27
Iraq,Ali Jasim,36,Al-Najma,2004-01-20
Iraq,Aymen Hussein,95,Al-Karma,1996-03-22
Iraq,Kevin Yakob,9,AGF,2000-10-10
Iraq,Aimar Sher,7,Sarpsborg 08,2002-12-20
Iraq,Marko Farji,12,Venezia,2004-03-16
Iraq,Ahmed Basil,16,Al-Shorta,1996-08-19
Iraq,Merchas Doski,31,Viktoria Plzeň,1999-12-07
Iraq,Zaid Ismail,6,Al-Talaba,2002-01-03
Iraq,Mustafa Saadoon,17,Al-Shorta,2001-05-25
Iraq,Frans Putros,28,Persib,1993-07-14
Norway,Ørjan Nyland,71,Sevilla,1990-09-10
Norway,Morten Thorsby,31,Cremonese,1996-05-05
Norway,Kristoffer Ajer,52,Brentford,1998-04-17
Norway,Leo Østigård,38,Genoa,1999-11-28
Norway,David Møller Wolfe,22,Wolverhampton Wanderers,2002-04-23
Norway,Patrick Berg,43,Bodø/Glimt,1997-11-24
Norway,Alexander Sørloth,72,Atlético Madrid,1995-12-05
Norway,Sander Berge,66,Fulham,1998-02-14
Norway,Erling Haaland,50,Manchester City,2000-07-21
Norway,Martin Ødegaard,68,Arsenal,1998-12-17
Norway,Jørgen Strand Larsen,28,Crystal Palace,2000-02-06
Norway,Sander Tangvik,0,Hamburger SV,2002-11-29
Norway,Egil Selvik,7,Watford,1997-07-30
Norway,Fredrik Aursnes,22,Benfica,1995-12-10
Norway,Fredrik André Bjørkan,21,Bodø/Glimt,1998-08-21
Norway,Marcus Holmgren Pedersen,32,Torino,2000-07-16
Norway,Torbjørn Heggem,15,Bologna,1999-01-12
Norway,Kristian Thorstvedt,37,Sassuolo,1999-03-13
Norway,Thelo Aasgaard,8,Rangers,2002-05-02
Norway,Antonio Nusa,24,RB Leipzig,2005-04-17
Norway,Andreas Schjelderup,12,Benfica,2004-06-01
Norway,Oscar Bobb,20,Fulham,2003-07-12
Norway,Jens Petter Hauge,15,Bodø/Glimt,1999-10-12
Norway,Sondre Langås,3,Derby County,2001-02-02
Norway,Henrik Falchener,1,Viking,2003-05-08
Norway,Julian Ryerson,43,Borussia Dortmund,1997-11-17
Senegal,Yehvann Diouf,2,Nice,1999-11-16
Senegal,Mamadou Sarr,8,Chelsea,2005-08-29
Senegal,Kalidou Koulibaly,103,Al-Hilal,1991-06-20
Senegal,Abdoulaye Seck,22,Maccabi Haifa,1992-06-04
Senegal,Idrissa Gueye,131,Everton,1989-09-26
Senegal,Pathé Ciss,30,Rayo Vallecano,1994-03-16
Senegal,Assane Diao,5,Como,2005-09-07
Senegal,Lamine Camara,33,Monaco,2004-01-01
Senegal,Bamba Dieng,23,Lorient,2000-03-23
Senegal,Sadio Mané,128,Al-Nassr,1992-04-10
Senegal,Nicolas Jackson,33,Bayern Munich,2001-06-20
Senegal,Cherif Ndiaye,19,Samsunspor,1996-01-23
Senegal,Iliman Ndiaye,40,Everton,2000-03-06
Senegal,Ismail Jakobs,30,Galatasaray,1999-08-17
Senegal,Krépin Diatta,61,Monaco,1999-02-25
Senegal,Édouard Mendy,57,Al-Ahli,1992-03-01
Senegal,Pape Matar Sarr,40,Tottenham Hotspur,2002-09-14
Senegal,Ismaïla Sarr,83,Crystal Palace,1998-02-25
Senegal,Moussa Niakhaté,31,Lyon,1996-03-08
Senegal,Ibrahim Mbaye,11,Paris Saint-Germain,2008-01-24
Senegal,Habib Diarra,21,Sunderland,2004-01-03
Senegal,Bara Sapoko Ndiaye,1,Bayern Munich,2007-12-31
Senegal,Mory Diaw,5,Le Havre,1993-06-22
Senegal,Antoine Mendy,7,Nice,2004-05-27
Senegal,El Hadji Malick Diouf,20,West Ham United,2004-12-29
Senegal,Pape Gueye,41,Villarreal,1999-01-24
Algeria,Melvin Mastil,3,Stade Nyonnais,2000-02-19
Algeria,Aïssa Mandi,120,Lille,1991-10-22
Algeria,Achref Abada,9,USM Alger,1999-06-15
Algeria,Mohamed Amine Tougai,31,Espérance de Tunis,2000-01-22
Algeria,Zineddine Belaïd,13,JS Kabylie,1999-03-20
Algeria,Ramiz Zerrouki,54,Twente,1998-05-26
Algeria,Riyad Mahrez,117,Al-Ahli,1991-02-21
Algeria,Houssem Aouar,23,Al-Ittihad,1998-06-30
Algeria,Amine Gouiri,24,Marseille,2000-02-16
Algeria,Farès Chaïbi,32,Eintracht Frankfurt,2002-11-28
Algeria,Anis Hadj Moussa,16,Feyenoord,2002-02-11
Algeria,Nadhir Benbouali,5,Győri ETO,2000-04-17
Algeria,Jaouen Hadjam,19,Young Boys,2003-03-26
Algeria,Hicham Boudaoui,35,Nice,1999-09-23
Algeria,Rayan Aït-Nouri,31,Manchester City,2001-06-06
Algeria,Oussama Benbot,4,USM Alger,1994-10-11
Algeria,Rafik Belghali,14,Hellas Verona,2002-06-07
Algeria,Mohamed Amoura,48,VfL Wolfsburg,2000-05-09
Algeria,Nabil Bentaleb,62,Lille,1994-11-24
Algeria,Adil Boulbina,11,Al-Duhail,2003-05-02
Algeria,Ramy Bensebaini,82,Borussia Dortmund,1995-04-16
Algeria,Ibrahim Maza,18,Bayer Leverkusen,2005-11-24
Algeria,Luca Zidane,7,Granada,1998-05-13
Algeria,Yacine Titraoui,5,Charleroi,2003-07-26
Algeria,Farès Ghedjemis,1,Frosinone,2002-09-06
Algeria,Samir Chergui,6,Paris FC,1999-02-06
Argentina,Juan Musso,4,Atlético Madrid,1994-05-06
Argentina,Marcos Senesi,3,Bournemouth,1997-05-10
Argentina,Nicolás Tagliafico,76,Lyon,1992-08-31
Argentina,Gonzalo Montiel,39,River Plate,1997-01-01
Argentina,Leandro Paredes,77,Boca Juniors,1994-06-29
Argentina,Lisandro Martínez,28,Manchester United,1998-01-18
Argentina,Rodrigo De Paul,87,Inter Miami CF,1994-05-24
Argentina,Valentín Barco,4,Strasbourg,2004-07-23
Argentina,Julián Alvarez,51,Atlético Madrid,2000-01-31
Argentina,Lionel Messi,199,Inter Miami CF,1987-06-24
Argentina,Giovani Lo Celso,67,Real Betis,1996-04-09
Argentina,Gerónimo Rulli,8,Marseille,1992-05-20
Argentina,Cristian Romero,51,Tottenham Hotspur,1998-04-27
Argentina,Exequiel Palacios,40,Bayer Leverkusen,1998-10-05
Argentina,Nicolás González,51,Atlético Madrid,1998-04-06
Argentina,Thiago Almada,16,Atlético Madrid,2001-04-26
Argentina,Giuliano Simeone,13,Atlético Madrid,2002-12-18
Argentina,Nico Paz,9,Como,2004-09-08
Argentina,Nicolás Otamendi,132,Benfica,1988-02-12
Argentina,Alexis Mac Allister,46,Liverpool,1998-12-24
Argentina,José Manuel López,5,Palmeiras,2000-12-06
Argentina,Lautaro Martínez,77,Inter Milan,1997-08-22
Argentina,Emiliano Martínez,59,Aston Villa,1992-09-02
Argentina,Enzo Fernández,42,Chelsea,2001-01-17
Argentina,Facundo Medina,9,Marseille,1999-05-28
Argentina,Nahuel Molina,58,Atlético Madrid,1998-04-06
Austria,Alexander Schlager,26,Red Bull Salzburg,1996-02-01
Austria,David Affengruber,1,Elche,2001-03-19
Austria,Kevin Danso,32,Tottenham Hotspur,1998-09-19
Austria,Xaver Schlager,51,RB Leipzig,1997-09-28
Austria,Stefan Posch,52,Mainz 05,1997-05-14
Austria,Nicolas Seiwald,47,RB Leipzig,2001-05-04
Austria,Marko Arnautović,133,Red Star Belgrade,1989-04-19
Austria,David Alaba,113,Real Madrid,1992-06-24
Austria,Marcel Sabitzer,98,Borussia Dortmund,1994-03-17
Austria,Florian Grillitsch,58,Braga,1995-08-07
Austria,Michael Gregoritsch,75,FC Augsburg,1994-04-18
Austria,Florian Wiegele,1,Viktoria Plzeň,2001-03-21
Austria,Patrick Pentz,18,Brøndby,1997-01-02
Austria,Saša Kalajdžić,22,LASK,1997-07-07
Austria,Philipp Lienhart,41,SC Freiburg,1996-07-11
Austria,Phillipp Mwene,30,Mainz 05,1994-01-29
Austria,Carney Chukwuemeka,3,Borussia Dortmund,2003-10-20
Austria,Romano Schmid,34,Werder Bremen,2000-01-27
Austria,Dejan Ljubičić,9,Schalke 04,1997-10-08
Austria,Konrad Laimer,57,Bayern Munich,1997-05-27
Austria,Patrick Wimmer,30,VfL Wolfsburg,2001-05-30
Austria,Alexander Prass,19,TSG Hoffenheim,2001-05-26
Austria,Marco Friedl,11,Werder Bremen,1998-03-16
Austria,Paul Wanner,3,PSV Eindhoven,2005-12-23
Austria,Michael Svoboda,4,Venezia,1998-10-15
Austria,Alessandro Schöpf,35,Wolfsberger AC,1994-02-07
Jordan,Yazeed Abulaila,76,Al-Hussein,1993-01-08
Jordan,Mohammad Abu Hashish,56,Al-Karma,1995-05-09
Jordan,Abdallah Nasib,65,Al-Zawraa,1994-02-25
Jordan,Husam Abu Dahab,18,Al-Faisaly,2000-05-13
Jordan,Yazan Al-Arab,80,FC Seoul,1996-01-31
Jordan,Amer Jamous,19,Al-Zawraa,2002-07-03
Jordan,Mohammad Abu Zrayq,41,Raja Casablanca,1997-12-30
Jordan,Noor Al-Rawabdeh,68,Selangor,1997-02-24
Jordan,Ali Olwan,66,Al-Sailiya,2000-03-26
Jordan,Musa Al-Taamari,92,Rennes,1997-06-10
Jordan,Odeh Al-Fakhouri,10,Pyramids,2005-11-22
Jordan,Nour Bani Attiah,5,Al-Faisaly,1993-01-25
Jordan,Mahmoud Al-Mardi,89,Al-Hussein,1993-10-06
Jordan,Rajaei Ayed,72,Al-Hussein,1993-07-25
Jordan,Ibrahim Sadeh,57,Al-Karma,2000-04-27
Jordan,Mo Abualnadi,18,Selangor,2001-02-08
Jordan,Salim Obaid,11,Al-Hussein,1992-01-17
Jordan,Mohammad Taha,2,Al-Hussein,2005-07-13
Jordan,Saed Al-Rosan,21,Al-Hussein,1997-02-01
Jordan,Mohannad Abu Taha,29,Al-Quwa Al-Jawiya,2003-02-02
Jordan,Nizar Al-Rashdan,47,Qatar SC,1999-03-23
Jordan,Abdallah Al-Fakhouri,11,Al-Wehdat,2000-01-22
Jordan,Ihsan Haddad,92,Al-Hussein,1994-02-05
Jordan,Ali Azaizeh,4,Al-Shabab,2004-04-13
Jordan,Mohammad Al-Dawoud,13,Al-Wehdat,1992-04-12
Jordan,Anas Badawi,1,Al-Faisaly,1997-09-13
Colombia,David Ospina,130,Atlético Nacional,1988-08-31
Colombia,Daniel Muñoz,46,Crystal Palace,1996-05-26
Colombia,Jhon Lucumí,37,Bologna,1998-06-26
Colombia,Santiago Arias,68,Independiente,1992-01-13
Colombia,Kevin Castaño,25,River Plate,2000-09-29
Colombia,Richard Ríos,32,Benfica,2000-06-02
Colombia,Luis Díaz,74,Bayern Munich,1997-01-13
Colombia,Jorge Carrascal,24,Flamengo,1998-05-25
Colombia,Jhon Córdoba,21,Krasnodar,1993-05-11
Colombia,James Rodríguez,126,Minnesota United FC,1991-07-12
Colombia,Jhon Arias,38,Palmeiras,1997-09-21
Colombia,Camilo Vargas,42,Atlas,1989-03-09
Colombia,Yerry Mina,54,Cagliari,1994-09-23
Colombia,Gustavo Puerta,6,Racing Santander,2003-07-23
Colombia,Juan Portilla,10,Athletico Paranaense,1998-09-12
Colombia,Jefferson Lerma,65,Crystal Palace,1994-10-25
Colombia,Johan Mojica,45,Mallorca,1992-08-21
Colombia,Willer Ditta,5,Cruz Azul,1998-01-23
Colombia,Cucho Hernández,9,Real Betis,1999-04-20
Colombia,Juan Fernando Quintero,49,River Plate,1993-01-18
Colombia,Jaminton Campaz,10,Rosario Central,2000-05-24
Colombia,Deiver Machado,15,Nantes,1993-09-02
Colombia,Davinson Sánchez,79,Galatasaray,1996-06-12
Colombia,Álvaro Montero,12,Vélez Sarsfield,1995-03-29
Colombia,Luis Suárez,12,Sporting CP,1997-12-02
Colombia,Andrés Gómez,8,Vasco da Gama,2002-09-12
DR Congo,Lionel Mpasi,29,Le Havre,1994-08-01
DR Congo,Aaron Wan-Bissaka,12,West Ham United,1997-11-26
DR Congo,Steve Kapuadi,4,Widzew Łódź,1998-04-30
DR Congo,Axel Tuanzebe,14,Burnley,1997-11-14
DR Congo,Dylan Batubinsika,14,AEL,1996-02-15
DR Congo,Ngal'ayel Mukau,14,Lille,2004-11-03
DR Congo,Nathanaël Mbuku,19,Montpellier,2002-03-16
DR Congo,Samuel Moutoussamy,58,Atromitos,1996-08-12
DR Congo,Brian Cipenga,8,Castellón,1998-03-11
DR Congo,Théo Bongonda,38,Spartak Moscow,1995-11-20
DR Congo,Gaël Kakuta,31,AEL,1991-06-21
DR Congo,Joris Kayembe,26,Genk,1994-08-08
DR Congo,Meschak Elia,69,Alanyaspor,1997-08-06
DR Congo,Noah Sadiki,20,Sunderland,2004-12-17
DR Congo,Aaron Tshibola,17,Kilmarnock,1995-01-02
DR Congo,Timothy Fayulu,3,Noah,1999-07-24
DR Congo,Cédric Bakambu,70,Real Betis,1991-04-11
DR Congo,Charles Pickel,34,Espanyol,1997-05-15
DR Congo,Fiston Mayele,37,Pyramids,1994-06-24
DR Congo,Yoane Wissa,38,Newcastle United,1996-09-03
DR Congo,Matthieu Epolo,1,Standard Liège,2005-01-15
DR Congo,Chancel Mbemba,109,Lille,1994-08-08
DR Congo,Simon Banza,15,Al Jazira,1996-08-13
DR Congo,Gédéon Kalulu,28,Aris Limassol,1997-08-29
DR Congo,Edo Kayembe,43,Watford,1998-06-03
DR Congo,Arthur Masuaku,45,Lens,1993-11-07
Portugal,Diogo Costa,43,Porto,1999-09-19
Portugal,Nélson Semedo,50,Fenerbahçe,1993-11-16
Portugal,Rúben Dias,76,Manchester City,1997-05-14
Portugal,Tomás Araújo,5,Benfica,2002-05-16
Portugal,Diogo Dalot,35,Manchester United,1999-03-18
Portugal,Matheus Nunes,20,Manchester City,1998-08-27
Portugal,Cristiano Ronaldo,228,Al-Nassr,1985-02-05
Portugal,Bruno Fernandes,89,Manchester United,1994-09-08
Portugal,Gonçalo Ramos,25,Paris Saint-Germain,2001-06-20
Portugal,Bernardo Silva,109,Manchester City,1994-08-10
Portugal,João Félix,54,Al-Nassr,1999-11-10
Portugal,José Sá,5,Wolverhampton Wanderers,1993-01-17
Portugal,Renato Veiga,13,Villarreal,2003-07-29
Portugal,Gonçalo Inácio,22,Sporting CP,2001-08-25
Portugal,João Neves,22,Paris Saint-Germain,2004-09-27
Portugal,Francisco Trincão,18,Sporting CP,1999-12-29
Portugal,Rafael Leão,44,Milan,1999-06-10
Portugal,Pedro Neto,25,Chelsea,2000-03-09
Portugal,Gonçalo Guedes,34,Real Sociedad,1996-11-29
Portugal,João Cancelo,68,Barcelona,1994-05-27
Portugal,Rúben Neves,67,Al-Hilal,1997-03-13
Portugal,Rui Silva,3,Sporting CP,1994-02-07
Portugal,Vitinha,38,Paris Saint-Germain,2000-02-13
Portugal,Samú Costa,6,Mallorca,2000-11-27
Portugal,Nuno Mendes,44,Paris Saint-Germain,2002-06-19
Portugal,Francisco Conceição,17,Juventus,2002-12-14
Uzbekistan,Utkir Yusupov,40,Navbahor Namangan,1991-01-04
Uzbekistan,Abdukodir Khusanov,27,Manchester City,2004-02-29
Uzbekistan,Khojiakbar Alijonov,40,Pakhtakor,1997-04-19
Uzbekistan,Farrukh Sayfiev,46,Neftchi Fergana,1991-01-17
Uzbekistan,Rustam Ashurmatov,49,Esteghlal,1996-07-07
Uzbekistan,Akmal Mozgovoy,25,Pakhtakor,1999-04-02
Uzbekistan,Otabek Shukurov,84,Baniyas,1996-06-22
Uzbekistan,Jamshid Iskanderov,38,Neftchi Fergana,1993-10-16
Uzbekistan,Odiljon Hamrobekov,72,Tractor,1996-02-13
Uzbekistan,Jaloliddin Masharipov,74,Esteghlal,1993-09-01
Uzbekistan,Oston Urunov,42,Persepolis,2000-12-19
Uzbekistan,Abduvohid Nematov,8,Nasaf,2001-03-20
Uzbekistan,Sherzod Nasrullaev,31,Nasaf,1998-07-23
Uzbekistan,Eldor Shomurodov,92,İstanbul Başakşehir,1995-06-29
Uzbekistan,Umar Eshmurodov,29,Nasaf,1992-11-30
Uzbekistan,Botirali Ergashev,2,Neftchi Fergana,1995-06-23
Uzbekistan,Dostonbek Khamdamov,34,Pakhtakor,1996-07-24
Uzbekistan,Abdulla Abdullaev,17,Dibba,1997-09-01
Uzbekistan,Azizjon Ganiev,19,Al Bataeh,1998-02-22
Uzbekistan,Azizbek Amonov,12,Dinamo Samarqand,1997-10-30
Uzbekistan,Igor Sergeev,83,Persepolis,1993-04-30
Uzbekistan,Abbosbek Fayzullaev,32,İstanbul Başakşehir,2003-10-03
Uzbekistan,Sherzod Esanov,1,Bukhara,2003-02-01
Uzbekistan,Bekhruz Karimov,2,Surkhon Termiz,2007-08-07
Uzbekistan,Avazbek Ulmasaliev,0,AGMK,2000-03-27
Uzbekistan,Jakhongir Urozov,4,Dinamo Samarqand,2004-01-18
Croatia,Dominik Livaković,75,Dinamo Zagreb,1995-01-09
Croatia,Josip Stanišić,31,Bayern Munich,2000-04-02
Croatia,Marin Pongračić,20,Fiorentina,1997-09-11
Croatia,Joško Gvardiol,48,Manchester City,2002-01-23
Croatia,Duje Ćaleta-Car,38,Real Sociedad,1996-09-17
Croatia,Josip Šutalo,33,Ajax,2000-02-28
Croatia,Nikola Moro,10,Bologna,1998-03-12
Croatia,Mateo Kovačić,113,Manchester City,1994-05-06
Croatia,Andrej Kramarić,116,TSG Hoffenheim,1991-06-19
Croatia,Luka Modrić,198,Milan,1985-09-09
Croatia,Ante Budimir,38,Osasuna,1991-07-22
Croatia,Ivor Pandur,0,Hull City,2000-03-25
Croatia,Nikola Vlašić,63,Torino,1997-10-04
Croatia,Ivan Perišić,154,PSV Eindhoven,1989-02-02
Croatia,Mario Pašalić,85,Atalanta,1995-02-09
Croatia,Martin Baturina,19,Como,2003-02-16
Croatia,Petar Sučić,17,Inter Milan,2003-10-25
Croatia,Kristijan Jakić,17,FC Augsburg,1997-05-14
Croatia,Toni Fruk,7,Rijeka,2001-03-09
Croatia,Igor Matanović,9,SC Freiburg,2003-03-31
Croatia,Luka Sučić,21,Real Sociedad,2002-09-08
Croatia,Luka Vušković,5,Hamburger SV,2007-02-24
Croatia,Dominik Kotarski,4,Copenhagen,2000-02-10
Croatia,Marco Pašalić,15,Orlando City SC,2000-09-14
Croatia,Martin Erlić,13,Midtjylland,1998-01-24
Croatia,Petar Musa,11,FC Dallas,1998-03-04
England,Jordan Pickford,84,Everton,1994-03-07
England,Ezri Konsa,20,Aston Villa,1997-10-23
England,Nico O'Reilly,5,Manchester City,2005-03-21
England,Declan Rice,73,Arsenal,1999-01-14
England,John Stones,89,Manchester City,1994-05-28
England,Marc Guéhi,29,Manchester City,2000-07-13
England,Bukayo Saka,49,Arsenal,2001-09-05
England,Elliot Anderson,9,Nottingham Forest,2002-11-06
England,Harry Kane,114,Bayern Munich,1993-07-28
England,Jude Bellingham,48,Real Madrid,2003-06-29
England,Marcus Rashford,72,Barcelona,1997-10-31
England,Tino Livramento,6,Newcastle United,2002-11-12
England,Dean Henderson,5,Crystal Palace,1997-03-12
England,Jordan Henderson,90,Brentford,1990-06-17
England,Dan Burn,8,Newcastle United,1992-05-09
England,Kobbie Mainoo,14,Manchester United,2005-04-19
England,Morgan Rogers,15,Aston Villa,2002-07-26
England,Anthony Gordon,19,Newcastle United,2001-02-24
England,Ollie Watkins,22,Aston Villa,1995-12-30
England,Noni Madueke,11,Arsenal,2002-03-10
England,Eberechi Eze,17,Arsenal,1998-06-29
England,Ivan Toney,8,Al-Ahli,1996-03-16
England,James Trafford,2,Manchester City,2002-10-10
England,Reece James,24,Chelsea,1999-12-08
England,Djed Spence,6,Tottenham Hotspur,2000-08-09
England,Jarell Quansah,3,Bayer Leverkusen,2003-01-29
Ghana,Lawrence Ati-Zigi,29,St. Gallen,1996-11-29
Ghana,Alidu Seidu,24,Rennes,2000-06-04
Ghana,Caleb Yirenkyi,11,Nordsjælland,2006-01-15
Ghana,Jonas Adjetey,10,VfL Wolfsburg,2003-12-13
Ghana,Thomas Partey,57,Villarreal,1993-06-13
Ghana,Abdul Mumin,5,Rayo Vallecano,1998-06-06
Ghana,Abdul Fatawu,28,Leicester City,2004-03-08
Ghana,Kwasi Sibo,8,Oviedo,1998-06-24
Ghana,Jordan Ayew,120,Leicester City,1991-09-11
Ghana,Brandon Thomas-Asante,8,Coventry City,1998-12-29
Ghana,Antoine Semenyo,34,Manchester City,2000-01-07
Ghana,Joseph Anang,1,St Patrick's Athletic,2000-06-08
Ghana,Christopher Bonsu Baah,9,Al-Qadsiah,2004-12-14
Ghana,Gideon Mensah,40,Auxerre,1998-07-18
Ghana,Elisha Owusu,20,Auxerre,1997-11-07
Ghana,Benjamin Asare,11,Hearts of Oak,1992-07-13
Ghana,Abdul Rahman Baba,51,PAOK,1994-07-02
Ghana,Jerome Opoku,11,İstanbul Başakşehir,1998-10-14
Ghana,Iñaki Williams,26,Athletic Bilbao,1994-06-15
Ghana,Augustine Boakye,0,Saint-Étienne,2000-11-03
Ghana,Kojo Peprah Oppong,4,Nice,2004-06-04
Ghana,Kamaldeen Sulemana,28,Atalanta,2002-02-15
Ghana,Derrick Luckassen,1,Pafos,1995-07-03
Ghana,Ernest Nuamah,18,Lyon,2003-11-01
Ghana,Prince Kwabena Adu,5,Viktoria Plzeň,2003-09-23
Ghana,Marvin Senaya,2,Auxerre,2001-01-28
Panama,Luis Mejía,56,Nacional,1991-03-16
Panama,César Blackman,40,Slovan Bratislava,1998-04-02
Panama,José Córdoba,32,Norwich City,2001-06-03
Panama,Fidel Escobar,99,Saprissa,1995-01-09
Panama,Edgardo Fariña,18,Pari Nizhny Novgorod,2001-10-19
Panama,Cristian Martínez,66,Ironi Kiryat Shmona,1997-02-06
Panama,José Luis Rodríguez,70,Juárez,1998-06-19
Panama,Adalberto Carrasquilla,73,UNAM,1998-11-28
Panama,Tomás Rodríguez,13,Saprissa,1999-03-09
Panama,Ismael Díaz,57,León,1997-05-12
Panama,Yoel Bárcenas,104,Mazatlán,1993-10-23
Panama,César Samudio,5,Marathón,1994-02-23
Panama,Jiovany Ramos,23,Puerto Cabello,1997-01-26
Panama,Carlos Harvey,28,Minnesota United FC,2000-02-03
Panama,Eric Davis,107,Plaza Amador,1991-03-31
Panama,Andrés Andrade,50,LASK,1998-10-16
Panama,José Fajardo,68,Universidad Católica,1993-08-18
Panama,Cecilio Waterman,55,Universidad de Concepción,1991-04-13
Panama,Alberto Quintero,141,Plaza Amador,1987-12-18
Panama,Aníbal Godoy,159,San Diego FC,1990-02-10
Panama,César Yanis,56,Cobresal,1996-01-28
Panama,Orlando Mosquera,48,Al-Fayha,1994-12-25
Panama,Michael Amir Murillo,94,Beşiktaş,1996-02-11
Panama,Azarias Londoño,11,Universidad Católica,2001-06-21
Panama,Roderick Miller,50,Turan Tovuz,1992-04-03
Panama,Jorge Gutiérrez,18,Deportivo La Guaira,1998-09-01
