tournament,team,city,suffering
wc2014,Algeria,Belo Horizonte,0.0
wc2014,Algeria,Brasília,0.0
wc2014,Algeria,Cuiabá,0.0
wc2014,Algeria,Curitiba,0.0
wc2014,Algeria,Fortaleza,0.0
wc2014,Algeria,Manaus,0.0
wc2014,Algeria,Natal,0.0
wc2014,Algeria,Porto Alegre,0.0
wc2014,Algeria,Recife,0.0
wc2014,Algeria,Rio de Janeiro,0.0
wc2014,Algeria,Salvador,0.0
wc2014,Algeria,São Paulo,0.0
wc2014,Argentina,Belo Horizonte,7.15
wc2014,Argentina,Brasília,9.01
wc2014,Argentina,Cuiabá,14.92
wc2014,Argentina,Curitiba,2.65
wc2014,Argentina,Fortaleza,12.75
wc2014,Argentina,Manaus,13.41
wc2014,Argentina,Natal,10.95
wc2014,Argentina,Porto Alegre,3.38
wc2014,Argentina,Recife,10.83
wc2014,Argentina,Rio de Janeiro,8.99
wc2014,Argentina,Salvador,9.08
wc2014,Argentina,São Paulo,5.95
wc2014,Australia,Belo Horizonte,3.39
wc2014,Australia,Brasília,5.25
wc2014,Australia,Cuiabá,11.16
wc2014,Australia,Curitiba,0.0
wc2014,Australia,Fortaleza,8.99
wc2014,Australia,Manaus,9.65
wc2014,Australia,Natal,7.19
wc2014,Australia,Porto Alegre,0.0
wc2014,Australia,Recife,7.07
wc2014,Australia,Rio de Janeiro,5.23
wc2014,Australia,Salvador,5.33
wc2014,Australia,São Paulo,2.19
wc2014,Belgium,Belo Horizonte,2.04
wc2014,Belgium,Brasília,3.89
wc2014,Belgium,Cuiabá,9.81
wc2014,Belgium,Curitiba,0.0
wc2014,Belgium,Fortaleza,7.63
wc2014,Belgium,Manaus,8.3
wc2014,Belgium,Natal,5.84
wc2014,Belgium,Porto Alegre,0.0
wc2014,Belgium,Recife,5.71
wc2014,Belgium,Rio de Janeiro,3.88
wc2014,Belgium,Salvador,3.97
wc2014,Belgium,São Paulo,0.83
wc2014,Bosnia and Herzegovina,Belo Horizonte,0.0
wc2014,Bosnia and Herzegovina,Brasília,0.13
wc2014,Bosnia and Herzegovina,Cuiabá,6.04
wc2014,Bosnia and Herzegovina,Curitiba,0.0
wc2014,Bosnia and Herzegovina,Fortaleza,3.86
wc2014,Bosnia and Herzegovina,Manaus,4.53
wc2014,Bosnia and Herzegovina,Natal,2.07
wc2014,Bosnia and Herzegovina,Porto Alegre,0.0
wc2014,Bosnia and Herzegovina,Recife,1.94
wc2014,Bosnia and Herzegovina,Rio de Janeiro,0.11
wc2014,Bosnia and Herzegovina,Salvador,0.2
wc2014,Bosnia and Herzegovina,São Paulo,0.0
wc2014,Brazil,Belo Horizonte,0.0
wc2014,Brazil,Brasília,0.0
wc2014,Brazil,Cuiabá,0.0
wc2014,Brazil,Curitiba,0.0
wc2014,Brazil,Fortaleza,0.0
wc2014,Brazil,Manaus,0.0
wc2014,Brazil,Natal,0.0
wc2014,Brazil,Porto Alegre,0.0
wc2014,Brazil,Recife,0.0
wc2014,Brazil,Rio de Janeiro,0.0
wc2014,Brazil,Salvador,0.0
wc2014,Brazil,São Paulo,0.0
wc2014,Cameroon,Belo Horizonte,0.0
wc2014,Cameroon,Brasília,0.0
wc2014,Cameroon,Cuiabá,3.57
wc2014,Cameroon,Curitiba,0.0
wc2014,Cameroon,Fortaleza,1.4
wc2014,Cameroon,Manaus,2.06
wc2014,Cameroon,Natal,0.0
wc2014,Cameroon,Porto Alegre,0.0
wc2014,Cameroon,Recife,0.0
wc2014,Cameroon,Rio de Janeiro,0.0
wc2014,Cameroon,Salvador,0.0
wc2014,Cameroon,São Paulo,0.0
wc2014,Chile,Belo Horizonte,7.97
wc2014,Chile,Brasília,9.83
wc2014,Chile,Cuiabá,15.74
wc2014,Chile,Curitiba,3.47
wc2014,Chile,Fortaleza,13.57
wc2014,Chile,Manaus,14.23
wc2014,Chile,Natal,11.77
wc2014,Chile,Porto Alegre,4.2
wc2014,Chile,Recife,11.65
wc2014,Chile,Rio de Janeiro,9.81
wc2014,Chile,Salvador,9.91
wc2014,Chile,São Paulo,6.77
wc2014,Colombia,Belo Horizonte,0.0
wc2014,Colombia,Brasília,0.0
wc2014,Colombia,Cuiabá,2.32
wc2014,Colombia,Curitiba,0.0
wc2014,Colombia,Fortaleza,0.14
wc2014,Colombia,Manaus,0.81
wc2014,Colombia,Natal,0.0
wc2014,Colombia,Porto Alegre,0.0
wc2014,Colombia,Recife,0.0
wc2014,Colombia,Rio de Janeiro,0.0
wc2014,Colombia,Salvador,0.0
wc2014,Colombia,São Paulo,0.0
wc2014,Costa Rica,Belo Horizonte,0.0
wc2014,Costa Rica,Brasília,1.82
wc2014,Costa Rica,Cuiabá,7.73
wc2014,Costa Rica,Curitiba,0.0
wc2014,Costa Rica,Fortaleza,5.55
wc2014,Costa Rica,Manaus,6.22
wc2014,Costa Rica,Natal,3.76
wc2014,Costa Rica,Porto Alegre,0.0
wc2014,Costa Rica,Recife,3.63
wc2014,Costa Rica,Rio de Janeiro,1.8
wc2014,Costa Rica,Salvador,1.89
wc2014,Costa Rica,São Paulo,0.0
wc2014,Croatia,Belo Horizonte,0.0
wc2014,Croatia,Brasília,0.0
wc2014,Croatia,Cuiabá,5.77
wc2014,Croatia,Curitiba,0.0
wc2014,Croatia,Fortaleza,3.59
wc2014,Croatia,Manaus,4.26
wc2014,Croatia,Natal,1.79
wc2014,Croatia,Porto Alegre,0.0
wc2014,Croatia,Recife,1.67
wc2014,Croatia,Rio de Janeiro,0.0
wc2014,Croatia,Salvador,0.0
wc2014,Croatia,São Paulo,0.0
wc2014,Ecuador,Belo Horizonte,10.49
wc2014,Ecuador,Brasília,12.35
wc2014,Ecuador,Cuiabá,18.27
wc2014,Ecuador,Curitiba,5.99
wc2014,Ecuador,Fortaleza,16.09
wc2014,Ecuador,Manaus,16.75
wc2014,Ecuador,Natal,14.29
wc2014,Ecuador,Porto Alegre,6.72
wc2014,Ecuador,Recife,14.17
wc2014,Ecuador,Rio de Janeiro,12.33
wc2014,Ecuador,Salvador,12.43
wc2014,Ecuador,São Paulo,9.29
wc2014,England,Belo Horizonte,2.75
wc2014,England,Brasília,4.61
wc2014,England,Cuiabá,10.53
wc2014,England,Curitiba,0.0
wc2014,England,Fortaleza,8.35
wc2014,England,Manaus,9.02
wc2014,England,Natal,6.55
wc2014,England,Porto Alegre,0.0
wc2014,England,Recife,6.43
wc2014,England,Rio de Janeiro,4.6
wc2014,England,Salvador,4.69
wc2014,England,São Paulo,1.55
wc2014,France,Belo Horizonte,1.95
wc2014,France,Brasília,3.81
wc2014,France,Cuiabá,9.73
wc2014,France,Curitiba,0.0
wc2014,France,Fortaleza,7.55
wc2014,France,Manaus,8.21
wc2014,France,Natal,5.75
wc2014,France,Porto Alegre,0.0
wc2014,France,Recife,5.63
wc2014,France,Rio de Janeiro,3.79
wc2014,France,Salvador,3.89
wc2014,France,São Paulo,0.75
wc2014,Germany,Belo Horizonte,2.59
wc2014,Germany,Brasília,4.44
wc2014,Germany,Cuiabá,10.36
wc2014,Germany,Curitiba,0.0
wc2014,Germany,Fortaleza,8.18
wc2014,Germany,Manaus,8.85
wc2014,Germany,Natal,6.38
wc2014,Germany,Porto Alegre,0.0
wc2014,Germany,Recife,6.26
wc2014,Germany,Rio de Janeiro,4.43
wc2014,Germany,Salvador,4.52
wc2014,Germany,São Paulo,1.38
wc2014,Ghana,Belo Horizonte,0.0
wc2014,Ghana,Brasília,0.0
wc2014,Ghana,Cuiabá,0.0
wc2014,Ghana,Curitiba,0.0
wc2014,Ghana,Fortaleza,0.0
wc2014,Ghana,Manaus,0.0
wc2014,Ghana,Natal,0.0
wc2014,Ghana,Porto Alegre,0.0
wc2014,Ghana,Recife,0.0
wc2014,Ghana,Rio de Janeiro,0.0
wc2014,Ghana,Salvador,0.0
wc2014,Ghana,São Paulo,0.0
wc2014,Greece,Belo Horizonte,0.0
wc2014,Greece,Brasília,0.0
wc2014,Greece,Cuiabá,3.42
wc2014,Greece,Curitiba,0.0
wc2014,Greece,Fortaleza,1.25
wc2014,Greece,Manaus,1.91
wc2014,Greece,Natal,0.0
wc2014,Greece,Porto Alegre,0.0
wc2014,Greece,Recife,0.0
wc2014,Greece,Rio de Janeiro,0.0
wc2014,Greece,Salvador,0.0
wc2014,Greece,São Paulo,0.0
wc2014,Honduras,Belo Horizonte,0.0
wc2014,Honduras,Brasília,0.0
wc2014,Honduras,Cuiabá,4.43
wc2014,Honduras,Curitiba,0.0
wc2014,Honduras,Fortaleza,2.25
wc2014,Honduras,Manaus,2.92
wc2014,Honduras,Natal,0.46
wc2014,Honduras,Porto Alegre,0.0
wc2014,Honduras,Recife,0.33
wc2014,Honduras,Rio de Janeiro,0.0
wc2014,Honduras,Salvador,0.0
wc2014,Honduras,São Paulo,0.0
wc2014,Iran,Belo Horizonte,0.0
wc2014,Iran,Brasília,0.0
wc2014,Iran,Cuiabá,0.0
wc2014,Iran,Curitiba,0.0
wc2014,Iran,Fortaleza,0.0
wc2014,Iran,Manaus,0.0
wc2014,Iran,Natal,0.0
wc2014,Iran,Porto Alegre,0.0
wc2014,Iran,Recife,0.0
wc2014,Iran,Rio de Janeiro,0.0
wc2014,Iran,Salvador,0.0
wc2014,Iran,São Paulo,0.0
wc2014,Italy,Belo Horizonte,0.0
wc2014,Italy,Brasília,0.0
wc2014,Italy,Cuiabá,4.41
wc2014,Italy,Curitiba,0.0
wc2014,Italy,Fortaleza,2.23
wc2014,Italy,Manaus,2.9
wc2014,Italy,Natal,0.43
wc2014,Italy,Porto Alegre,0.0
wc2014,Italy,Recife,0.31
wc2014,Italy,Rio de Janeiro,0.0
wc2014,Italy,Salvador,0.0
wc2014,Italy,São Paulo,0.0
wc2014,Ivory Coast,Belo Horizonte,0.0
wc2014,Ivory Coast,Brasília,0.0
wc2014,Ivory Coast,Cuiabá,3.84
wc2014,Ivory Coast,Curitiba,0.0
wc2014,Ivory Coast,Fortaleza,1.67
wc2014,Ivory Coast,Manaus,2.33
wc2014,Ivory Coast,Natal,0.0
wc2014,Ivory Coast,Porto Alegre,0.0
wc2014,Ivory Coast,Recife,0.0
wc2014,Ivory Coast,Rio de Janeiro,0.0
wc2014,Ivory Coast,Salvador,0.0
wc2014,Ivory Coast,São Paulo,0.0
wc2014,Japan,Belo Horizonte,0.0
wc2014,Japan,Brasília,0.0
wc2014,Japan,Cuiabá,4.4
wc2014,Japan,Curitiba,0.0
wc2014,Japan,Fortaleza,2.23
wc2014,Japan,Manaus,2.89
wc2014,Japan,Natal,0.43
wc2014,Japan,Porto Alegre,0.0
wc2014,Japan,Recife,0.31
wc2014,Japan,Rio de Janeiro,0.0
wc2014,Japan,Salvador,0.0
wc2014,Japan,São Paulo,0.0
wc2014,Mexico,Belo Horizonte,0.0
wc2014,Mexico,Brasília,0.0
wc2014,Mexico,Cuiabá,4.58
wc2014,Mexico,Curitiba,0.0
wc2014,Mexico,Fortaleza,2.4
wc2014,Mexico,Manaus,3.07
wc2014,Mexico,Natal,0.61
wc2014,Mexico,Porto Alegre,0.0
wc2014,Mexico,Recife,0.48
wc2014,Mexico,Rio de Janeiro,0.0
wc2014,Mexico,Salvador,0.0
wc2014,Mexico,São Paulo,0.0
wc2014,Netherlands,Belo Horizonte,0.0
wc2014,Netherlands,Brasília,0.0
wc2014,Netherlands,Cuiabá,0.0
wc2014,Netherlands,Curitiba,0.0
wc2014,Netherlands,Fortaleza,0.0
wc2014,Netherlands,Manaus,0.0
wc2014,Netherlands,Natal,0.0
wc2014,Netherlands,Porto Alegre,0.0
wc2014,Netherlands,Recife,0.0
wc2014,Netherlands,Rio de Janeiro,0.0
wc2014,Netherlands,Salvador,0.0
wc2014,Netherlands,São Paulo,0.0
wc2014,Nigeria,Belo Horizonte,0.0
wc2014,Nigeria,Brasília,0.0
wc2014,Nigeria,Cuiabá,3.33
wc2014,Nigeria,Curitiba,0.0
wc2014,Nigeria,Fortaleza,1.15
wc2014,Nigeria,Manaus,1.82
wc2014,Nigeria,Natal,0.0
wc2014,Nigeria,Porto Alegre,0.0
wc2014,Nigeria,Recife,0.0
wc2014,Nigeria,Rio de Janeiro,0.0
wc2014,Nigeria,Salvador,0.0
wc2014,Nigeria,São Paulo,0.0
wc2014,Portugal,Belo Horizonte,0.0
wc2014,Portugal,Brasília,0.0
wc2014,Portugal,Cuiabá,4.02
wc2014,Portugal,Curitiba,0.0
wc2014,Portugal,Fortaleza,1.84
wc2014,Portugal,Manaus,2.5
wc2014,Portugal,Natal,0.04
wc2014,Portugal,Porto Alegre,0.0
wc2014,Portugal,Recife,0.0
wc2014,Portugal,Rio de Janeiro,0.0
wc2014,Portugal,Salvador,0.0
wc2014,Portugal,São Paulo,0.0
wc2014,Russia,Belo Horizonte,1.54
wc2014,Russia,Brasília,3.4
wc2014,Russia,Cuiabá,9.32
wc2014,Russia,Curitiba,0.0
wc2014,Russia,Fortaleza,7.14
wc2014,Russia,Manaus,7.8
wc2014,Russia,Natal,5.34
wc2014,Russia,Porto Alegre,0.0
wc2014,Russia,Recife,5.22
wc2014,Russia,Rio de Janeiro,3.38
wc2014,Russia,Salvador,3.48
wc2014,Russia,São Paulo,0.34
wc2014,South Korea,Belo Horizonte,0.0
wc2014,South Korea,Brasília,0.0
wc2014,South Korea,Cuiabá,3.85
wc2014,South Korea,Curitiba,0.0
wc2014,South Korea,Fortaleza,1.68
wc2014,South Korea,Manaus,2.34
wc2014,South Korea,Natal,0.0
wc2014,South Korea,Porto Alegre,0.0
wc2014,South Korea,Recife,0.0
wc2014,South Korea,Rio de Janeiro,0.0
wc2014,South Korea,Salvador,0.0
wc2014,South Korea,São Paulo,0.0
wc2014,Spain,Belo Horizonte,0.0
wc2014,Spain,Brasília,0.0
wc2014,Spain,Cuiabá,0.0
wc2014,Spain,Curitiba,0.0
wc2014,Spain,Fortaleza,0.0
wc2014,Spain,Manaus,0.0
wc2014,Spain,Natal,0.0
wc2014,Spain,Porto Alegre,0.0
wc2014,Spain,Recife,0.0
wc2014,Spain,Rio de Janeiro,0.0
wc2014,Spain,Salvador,0.0
wc2014,Spain,São Paulo,0.0
wc2014,Switzerland,Belo Horizonte,4.27
wc2014,Switzerland,Brasília,6.13
wc2014,Switzerland,Cuiabá,12.04
wc2014,Switzerland,Curitiba,0.0
wc2014,Switzerland,Fortaleza,9.86
wc2014,Switzerland,Manaus,10.53
wc2014,Switzerland,Natal,8.07
wc2014,Switzerland,Porto Alegre,0.49
wc2014,Switzerland,Recife,7.94
wc2014,Switzerland,Rio de Janeiro,6.11
wc2014,Switzerland,Salvador,6.2
wc2014,Switzerland,São Paulo,3.06
wc2014,United States,Belo Horizonte,0.0
wc2014,United States,Brasília,0.0
wc2014,United States,Cuiabá,0.31
wc2014,United States,Curitiba,0.0
wc2014,United States,Fortaleza,0.0
wc2014,United States,Manaus,0.0
wc2014,United States,Natal,0.0
wc2014,United States,Porto Alegre,0.0
wc2014,United States,Recife,0.0
wc2014,United States,Rio de Janeiro,0.0
wc2014,United States,Salvador,0.0
wc2014,United States,São Paulo,0.0
wc2014,Uruguay,Belo Horizonte,7.32
wc2014,Uruguay,Brasília,9.18
wc2014,Uruguay,Cuiabá,15.1
wc2014,Uruguay,Curitiba,2.82
wc2014,Uruguay,Fortaleza,12.92
wc2014,Uruguay,Manaus,13.58
wc2014,Uruguay,Natal,11.12
wc2014,Uruguay,Porto Alegre,3.55
wc2014,Uruguay,Recife,11.0
wc2014,Uruguay,Rio de Janeiro,9.16
wc2014,Uruguay,Salvador,9.26
wc2014,Uruguay,São Paulo,6.12
wc2018,Argentina,Ekaterinburg,6.8
wc2018,Argentina,Kaliningrad,5.62
wc2018,Argentina,Kazan,8.21
wc2018,Argentina,Moscow,6.92
wc2018,Argentina,Nizhny Novgorod,7.04
wc2018,Argentina,Rostov-on-Don,12.81
wc2018,Argentina,Saint Petersburg,4.32
wc2018,Argentina,Samara,10.08
wc2018,Argentina,Saransk,8.11
wc2018,Argentina,Sochi,9.15
wc2018,Argentina,Volgograd,14.32
wc2018,Australia,Ekaterinburg,2.8
wc2018,Australia,Kaliningrad,1.62
wc2018,Australia,Kazan,4.21
wc2018,Australia,Moscow,2.91
wc2018,Australia,Nizhny Novgorod,3.04
wc2018,Australia,Rostov-on-Don,8.81
wc2018,Australia,Saint Petersburg,0.32
wc2018,Australia,Samara,6.08
wc2018,Australia,Saransk,4.11
wc2018,Australia,Sochi,5.15
wc2018,Australia,Volgograd,10.32
wc2018,Belgium,Ekaterinburg,1.42
wc2018,Belgium,Kaliningrad,0.25
wc2018,Belgium,Kazan,2.84
wc2018,Belgium,Moscow,1.54
wc2018,Belgium,Nizhny Novgorod,1.66
wc2018,Belgium,Rostov-on-Don,7.44
wc2018,Belgium,Saint Petersburg,0.0
wc2018,Belgium,Samara,4.71
wc2018,Belgium,Saransk,2.74
wc2018,Belgium,Sochi,3.77
wc2018,Belgium,Volgograd,8.95
wc2018,Brazil,Ekaterinburg,0.0
wc2018,Brazil,Kaliningrad,0.0
wc2018,Brazil,Kazan,0.0
wc2018,Brazil,Moscow,0.0
wc2018,Brazil,Nizhny Novgorod,0.0
wc2018,Brazil,Rostov-on-Don,0.0
wc2018,Brazil,Saint Petersburg,0.0
wc2018,Brazil,Samara,0.0
wc2018,Brazil,Saransk,0.0
wc2018,Brazil,Sochi,0.0
wc2018,Brazil,Volgograd,0.0
wc2018,Colombia,Ekaterinburg,0.0
wc2018,Colombia,Kaliningrad,0.0
wc2018,Colombia,Kazan,0.0
wc2018,Colombia,Moscow,0.0
wc2018,Colombia,Nizhny Novgorod,0.0
wc2018,Colombia,Rostov-on-Don,0.32
wc2018,Colombia,Saint Petersburg,0.0
wc2018,Colombia,Samara,0.0
wc2018,Colombia,Saransk,0.0
wc2018,Colombia,Sochi,0.0
wc2018,Colombia,Volgograd,1.83
wc2018,Costa Rica,Ekaterinburg,0.0
wc2018,Costa Rica,Kaliningrad,0.0
wc2018,Costa Rica,Kazan,1.07
wc2018,Costa Rica,Moscow,0.0
wc2018,Costa Rica,Nizhny Novgorod,0.0
wc2018,Costa Rica,Rostov-on-Don,5.67
wc2018,Costa Rica,Saint Petersburg,0.0
wc2018,Costa Rica,Samara,2.94
wc2018,Costa Rica,Saransk,0.97
wc2018,Costa Rica,Sochi,2.01
wc2018,Costa Rica,Volgograd,7.18
wc2018,Croatia,Ekaterinburg,0.0
wc2018,Croatia,Kaliningrad,0.0
wc2018,Croatia,Kazan,0.0
wc2018,Croatia,Moscow,0.0
wc2018,Croatia,Nizhny Novgorod,0.0
wc2018,Croatia,Rostov-on-Don,2.84
wc2018,Croatia,Saint Petersburg,0.0
wc2018,Croatia,Samara,0.12
wc2018,Croatia,Saransk,0.0
wc2018,Croatia,Sochi,0.0
wc2018,Croatia,Volgograd,4.35
wc2018,Denmark,Ekaterinburg,3.9
wc2018,Denmark,Kaliningrad,2.72
wc2018,Denmark,Kazan,5.32
wc2018,Denmark,Moscow,4.02
wc2018,Denmark,Nizhny Novgorod,4.14
wc2018,Denmark,Rostov-on-Don,9.91
wc2018,Denmark,Saint Petersburg,1.43
wc2018,Denmark,Samara,7.19
wc2018,Denmark,Saransk,5.21
wc2018,Denmark,Sochi,6.25
wc2018,Denmark,Volgograd,11.43
wc2018,Egypt,Ekaterinburg,0.0
wc2018,Egypt,Kaliningrad,0.0
wc2018,Egypt,Kazan,0.0
wc2018,Egypt,Moscow,0.0
wc2018,Egypt,Nizhny Novgorod,0.0
wc2018,Egypt,Rostov-on-Don,0.0
wc2018,Egypt,Saint Petersburg,0.0
wc2018,Egypt,Samara,0.0
wc2018,Egypt,Saransk,0.0
wc2018,Egypt,Sochi,0.0
wc2018,Egypt,Volgograd,0.0
wc2018,England,Ekaterinburg,1.95
wc2018,England,Kaliningrad,0.77
wc2018,England,Kazan,3.36
wc2018,England,Moscow,2.07
wc2018,England,Nizhny Novgorod,2.19
wc2018,England,Rostov-on-Don,7.96
wc2018,England,Saint Petersburg,0.0
wc2018,England,Samara,5.24
wc2018,England,Saransk,3.26
wc2018,England,Sochi,4.3
wc2018,England,Volgograd,9.47
wc2018,France,Ekaterinburg,1.21
wc2018,France,Kaliningrad,0.03
wc2018,France,Kazan,2.62
wc2018,France,Moscow,1.32
wc2018,France,Nizhny Novgorod,1.45
wc2018,France,Rostov-on-Don,7.22
wc2018,France,Saint Petersburg,0.0
wc2018,France,Samara,4.49
wc2018,France,Saransk,2.52
wc2018,France,Sochi,3.56
wc2018,France,Volgograd,8.73
wc2018,Germany,Ekaterinburg,2.04
wc2018,Germany,Kaliningrad,0.86
wc2018,Germany,Kazan,3.46
wc2018,Germany,Moscow,2.16
wc2018,Germany,Nizhny Novgorod,2.28
wc2018,Germany,Rostov-on-Don,8.05
wc2018,Germany,Saint Petersburg,0.0
wc2018,Germany,Samara,5.33
wc2018,Germany,Saransk,3.35
wc2018,Germany,Sochi,4.39
wc2018,Germany,Volgograd,9.56
wc2018,Iceland,Ekaterinburg,14.18
wc2018,Iceland,Kaliningrad,13.01
wc2018,Iceland,Kazan,15.6
wc2018,Iceland,Moscow,14.3
wc2018,Iceland,Nizhny Novgorod,14.42
wc2018,Iceland,Rostov-on-Don,20.2
wc2018,Iceland,Saint Petersburg,11.71
wc2018,Iceland,Samara,17.47
wc2018,Iceland,Saransk,15.5
wc2018,Iceland,Sochi,16.53
wc2018,Iceland,Volgograd,21.71
wc2018,Iran,Ekaterinburg,0.0
wc2018,Iran,Kaliningrad,0.0
wc2018,Iran,Kazan,0.0
wc2018,Iran,Moscow,0.0
wc2018,Iran,Nizhny Novgorod,0.0
wc2018,Iran,Rostov-on-Don,0.0
wc2018,Iran,Saint Petersburg,0.0
wc2018,Iran,Samara,0.0
wc2018,Iran,Saransk,0.0
wc2018,Iran,Sochi,0.0
wc2018,Iran,Volgograd,0.0
wc2018,Japan,Ekaterinburg,0.0
wc2018,Japan,Kaliningrad,0.0
wc2018,Japan,Kazan,0.0
wc2018,Japan,Moscow,0.0
wc2018,Japan,Nizhny Novgorod,0.0
wc2018,Japan,Rostov-on-Don,1.88
wc2018,Japan,Saint Petersburg,0.0
wc2018,Japan,Samara,0.0
wc2018,Japan,Saransk,0.0
wc2018,Japan,Sochi,0.0
wc2018,Japan,Volgograd,3.39
wc2018,Mexico,Ekaterinburg,0.0
wc2018,Mexico,Kaliningrad,0.0
wc2018,Mexico,Kazan,0.0
wc2018,Mexico,Moscow,0.0
wc2018,Mexico,Nizhny Novgorod,0.0
wc2018,Mexico,Rostov-on-Don,2.83
wc2018,Mexico,Saint Petersburg,0.0
wc2018,Mexico,Samara,0.1
wc2018,Mexico,Saransk,0.0
wc2018,Mexico,Sochi,0.0
wc2018,Mexico,Volgograd,4.34
wc2018,Morocco,Ekaterinburg,0.0
wc2018,Morocco,Kaliningrad,0.0
wc2018,Morocco,Kazan,0.0
wc2018,Morocco,Moscow,0.0
wc2018,Morocco,Nizhny Novgorod,0.0
wc2018,Morocco,Rostov-on-Don,0.0
wc2018,Morocco,Saint Petersburg,0.0
wc2018,Morocco,Samara,0.0
wc2018,Morocco,Saransk,0.0
wc2018,Morocco,Sochi,0.0
wc2018,Morocco,Volgograd,0.0
wc2018,Nigeria,Ekaterinburg,0.0
wc2018,Nigeria,Kaliningrad,0.0
wc2018,Nigeria,Kazan,0.0
wc2018,Nigeria,Moscow,0.0
wc2018,Nigeria,Nizhny Novgorod,0.0
wc2018,Nigeria,Rostov-on-Don,1.12
wc2018,Nigeria,Saint Petersburg,0.0
wc2018,Nigeria,Samara,0.0
wc2018,Nigeria,Saransk,0.0
wc2018,Nigeria,Sochi,0.0
wc2018,Nigeria,Volgograd,2.64
wc2018,Panama,Ekaterinburg,0.0
wc2018,Panama,Kaliningrad,0.0
wc2018,Panama,Kazan,0.0
wc2018,Panama,Moscow,0.0
wc2018,Panama,Nizhny Novgorod,0.0
wc2018,Panama,Rostov-on-Don,0.0
wc2018,Panama,Saint Petersburg,0.0
wc2018,Panama,Samara,0.0
wc2018,Panama,Saransk,0.0
wc2018,Panama,Sochi,0.0
wc2018,Panama,Volgograd,1.27
wc2018,Peru,Ekaterinburg,0.78
wc2018,Peru,Kaliningrad,0.0
wc2018,Peru,Kazan,2.2
wc2018,Peru,Moscow,0.9
wc2018,Peru,Nizhny Novgorod,1.02
wc2018,Peru,Rostov-on-Don,6.79
wc2018,Peru,Saint Petersburg,0.0
wc2018,Peru,Samara,4.07
wc2018,Peru,Saransk,2.09
wc2018,Peru,Sochi,3.13
wc2018,Peru,Volgograd,8.3
wc2018,Poland,Ekaterinburg,0.0
wc2018,Poland,Kaliningrad,0.0
wc2018,Poland,Kazan,1.16
wc2018,Poland,Moscow,0.0
wc2018,Poland,Nizhny Novgorod,0.0
wc2018,Poland,Rostov-on-Don,5.76
wc2018,Poland,Saint Petersburg,0.0
wc2018,Poland,Samara,3.04
wc2018,Poland,Saransk,1.06
wc2018,Poland,Sochi,2.1
wc2018,Poland,Volgograd,7.27
wc2018,Portugal,Ekaterinburg,0.0
wc2018,Portugal,Kaliningrad,0.0
wc2018,Portugal,Kazan,0.0
wc2018,Portugal,Moscow,0.0
wc2018,Portugal,Nizhny Novgorod,0.0
wc2018,Portugal,Rostov-on-Don,1.36
wc2018,Portugal,Saint Petersburg,0.0
wc2018,Portugal,Samara,0.0
wc2018,Portugal,Saransk,0.0
wc2018,Portugal,Sochi,0.0
wc2018,Portugal,Volgograd,2.87
wc2018,Russia,Ekaterinburg,0.66
wc2018,Russia,Kaliningrad,0.0
wc2018,Russia,Kazan,2.08
wc2018,Russia,Moscow,0.78
wc2018,Russia,Nizhny Novgorod,0.9
wc2018,Russia,Rostov-on-Don,6.67
wc2018,Russia,Saint Petersburg,0.0
wc2018,Russia,Samara,3.95
wc2018,Russia,Saransk,1.97
wc2018,Russia,Sochi,3.01
wc2018,Russia,Volgograd,8.19
wc2018,Saudi Arabia,Ekaterinburg,0.0
wc2018,Saudi Arabia,Kaliningrad,0.0
wc2018,Saudi Arabia,Kazan,0.0
wc2018,Saudi Arabia,Moscow,0.0
wc2018,Saudi Arabia,Nizhny Novgorod,0.0
wc2018,Saudi Arabia,Rostov-on-Don,0.0
wc2018,Saudi Arabia,Saint Petersburg,0.0
wc2018,Saudi Arabia,Samara,0.0
wc2018,Saudi Arabia,Saransk,0.0
wc2018,Saudi Arabia,Sochi,0.0
wc2018,Saudi Arabia,Volgograd,0.0
wc2018,Senegal,Ekaterinburg,0.0
wc2018,Senegal,Kaliningrad,0.0
wc2018,Senegal,Kazan,0.0
wc2018,Senegal,Moscow,0.0
wc2018,Senegal,Nizhny Novgorod,0.0
wc2018,Senegal,Rostov-on-Don,0.0
wc2018,Senegal,Saint Petersburg,0.0
wc2018,Senegal,Samara,0.0
wc2018,Senegal,Saransk,0.0
wc2018,Senegal,Sochi,0.0
wc2018,Senegal,Volgograd,0.0
wc2018,Serbia,Ekaterinburg,0.0
wc2018,Serbia,Kaliningrad,0.0
wc2018,Serbia,Kazan,0.0
wc2018,Serbia,Moscow,0.0
wc2018,Serbia,Nizhny Novgorod,0.0
wc2018,Serbia,Rostov-on-Don,0.65
wc2018,Serbia,Saint Petersburg,0.0
wc2018,Serbia,Samara,0.0
wc2018,Serbia,Saransk,0.0
wc2018,Serbia,Sochi,0.0
wc2018,Serbia,Volgograd,2.16
wc2018,South Korea,Ekaterinburg,0.0
wc2018,South Korea,Kaliningrad,0.0
wc2018,South Korea,Kazan,0.0
wc2018,South Korea,Moscow,0.0
wc2018,South Korea,Nizhny Novgorod,0.0
wc2018,South Korea,Rostov-on-Don,0.87
wc2018,South Korea,Saint Petersburg,0.0
wc2018,South Korea,Samara,0.0
wc2018,South Korea,Saransk,0.0
wc2018,South Korea,Sochi,0.0
wc2018,South Korea,Volgograd,2.38
wc2018,Spain,Ekaterinburg,0.0
wc2018,Spain,Kaliningrad,0.0
wc2018,Spain,Kazan,0.0
wc2018,Spain,Moscow,0.0
wc2018,Spain,Nizhny Novgorod,0.0
wc2018,Spain,Rostov-on-Don,0.0
wc2018,Spain,Saint Petersburg,0.0
wc2018,Spain,Samara,0.0
wc2018,Spain,Saransk,0.0
wc2018,Spain,Sochi,0.0
wc2018,Spain,Volgograd,0.0
wc2018,Sweden,Ekaterinburg,5.33
wc2018,Sweden,Kaliningrad,4.15
wc2018,Sweden,Kazan,6.74
wc2018,Sweden,Moscow,5.45
wc2018,Sweden,Nizhny Novgorod,5.57
wc2018,Sweden,Rostov-on-Don,11.34
wc2018,Sweden,Saint Petersburg,2.85
wc2018,Sweden,Samara,8.62
wc2018,Sweden,Saransk,6.64
wc2018,Sweden,Sochi,7.68
wc2018,Sweden,Volgograd,12.85
wc2018,Switzerland,Ekaterinburg,3.48
wc2018,Switzerland,Kaliningrad,2.3
wc2018,Switzerland,Kazan,4.89
wc2018,Switzerland,Moscow,3.6
wc2018,Switzerland,Nizhny Novgorod,3.72
wc2018,Switzerland,Rostov-on-Don,9.49
wc2018,Switzerland,Saint Petersburg,1.0
wc2018,Switzerland,Samara,6.77
wc2018,Switzerland,Saransk,4.79
wc2018,Switzerland,Sochi,5.83
wc2018,Switzerland,Volgograd,11.0
wc2018,Tunisia,Ekaterinburg,0.0
wc2018,Tunisia,Kaliningrad,0.0
wc2018,Tunisia,Kazan,0.0
wc2018,Tunisia,Moscow,0.0
wc2018,Tunisia,Nizhny Novgorod,0.0
wc2018,Tunisia,Rostov-on-Don,0.0
wc2018,Tunisia,Saint Petersburg,0.0
wc2018,Tunisia,Samara,0.0
wc2018,Tunisia,Saransk,0.0
wc2018,Tunisia,Sochi,0.0
wc2018,Tunisia,Volgograd,0.0
wc2018,Uruguay,Ekaterinburg,6.8
wc2018,Uruguay,Kaliningrad,5.62
wc2018,Uruguay,Kazan,8.21
wc2018,Uruguay,Moscow,6.91
wc2018,Uruguay,Nizhny Novgorod,7.04
wc2018,Uruguay,Rostov-on-Don,12.81
wc2018,Uruguay,Saint Petersburg,4.32
wc2018,Uruguay,Samara,10.08
wc2018,Uruguay,Saransk,8.11
wc2018,Uruguay,Sochi,9.15
wc2018,Uruguay,Volgograd,14.32
wc2022,Argentina,Al Khor,0.0
wc2022,Argentina,Al Rayyan,0.0
wc2022,Argentina,Al Wakrah,0.0
wc2022,Argentina,Doha,0.0
wc2022,Argentina,Lusail,0.0
wc2022,Australia,Al Khor,0.0
wc2022,Australia,Al Rayyan,0.0
wc2022,Australia,Al Wakrah,0.0
wc2022,Australia,Doha,0.0
wc2022,Australia,Lusail,0.0
wc2022,Belgium,Al Khor,17.47
wc2022,Belgium,Al Rayyan,18.28
wc2022,Belgium,Al Wakrah,18.31
wc2022,Belgium,Doha,18.09
wc2022,Belgium,Lusail,17.91
wc2022,Brazil,Al Khor,0.0
wc2022,Brazil,Al Rayyan,0.0
wc2022,Brazil,Al Wakrah,0.0
wc2022,Brazil,Doha,0.0
wc2022,Brazil,Lusail,0.0
wc2022,Cameroon,Al Khor,0.0
wc2022,Cameroon,Al Rayyan,0.0
wc2022,Cameroon,Al Wakrah,0.0
wc2022,Cameroon,Doha,0.0
wc2022,Cameroon,Lusail,0.0
wc2022,Canada,Al Khor,37.95
wc2022,Canada,Al Rayyan,38.77
wc2022,Canada,Al Wakrah,38.8
wc2022,Canada,Doha,38.58
wc2022,Canada,Lusail,38.4
wc2022,Costa Rica,Al Khor,3.14
wc2022,Costa Rica,Al Rayyan,3.95
wc2022,Costa Rica,Al Wakrah,3.98
wc2022,Costa Rica,Doha,3.76
wc2022,Costa Rica,Lusail,3.58
wc2022,Croatia,Al Khor,18.01
wc2022,Croatia,Al Rayyan,18.82
wc2022,Croatia,Al Wakrah,18.85
wc2022,Croatia,Doha,18.63
wc2022,Croatia,Lusail,18.45
wc2022,Denmark,Al Khor,19.31
wc2022,Denmark,Al Rayyan,20.12
wc2022,Denmark,Al Wakrah,20.15
wc2022,Denmark,Doha,19.93
wc2022,Denmark,Lusail,19.76
wc2022,Ecuador,Al Khor,11.28
wc2022,Ecuador,Al Rayyan,12.09
wc2022,Ecuador,Al Wakrah,12.12
wc2022,Ecuador,Doha,11.9
wc2022,Ecuador,Lusail,11.72
wc2022,England,Al Khor,15.98
wc2022,England,Al Rayyan,16.79
wc2022,England,Al Wakrah,16.82
wc2022,England,Doha,16.6
wc2022,England,Lusail,16.42
wc2022,France,Al Khor,17.09
wc2022,France,Al Rayyan,17.9
wc2022,France,Al Wakrah,17.93
wc2022,France,Doha,17.71
wc2022,France,Lusail,17.54
wc2022,Germany,Al Khor,20.3
wc2022,Germany,Al Rayyan,21.11
wc2022,Germany,Al Wakrah,21.14
wc2022,Germany,Doha,20.92
wc2022,Germany,Lusail,20.74
wc2022,Ghana,Al Khor,0.0
wc2022,Ghana,Al Rayyan,0.0
wc2022,Ghana,Al Wakrah,0.0
wc2022,Ghana,Doha,0.0
wc2022,Ghana,Lusail,0.0
wc2022,Iran,Al Khor,11.8
wc2022,Iran,Al Rayyan,12.61
wc2022,Iran,Al Wakrah,12.64
wc2022,Iran,Doha,12.42
wc2022,Iran,Lusail,12.25
wc2022,Japan,Al Khor,12.36
wc2022,Japan,Al Rayyan,13.17
wc2022,Japan,Al Wakrah,13.21
wc2022,Japan,Doha,12.99
wc2022,Japan,Lusail,12.81
wc2022,Mexico,Al Khor,3.61
wc2022,Mexico,Al Rayyan,4.42
wc2022,Mexico,Al Wakrah,4.45
wc2022,Mexico,Doha,4.23
wc2022,Mexico,Lusail,4.06
wc2022,Morocco,Al Khor,5.05
wc2022,Morocco,Al Rayyan,5.87
wc2022,Morocco,Al Wakrah,5.9
wc2022,Morocco,Doha,5.68
wc2022,Morocco,Lusail,5.5
wc2022,Netherlands,Al Khor,12.81
wc2022,Netherlands,Al Rayyan,13.62
wc2022,Netherlands,Al Wakrah,13.65
wc2022,Netherlands,Doha,13.43
wc2022,Netherlands,Lusail,13.26
wc2022,Poland,Al Khor,20.78
wc2022,Poland,Al Rayyan,21.59
wc2022,Poland,Al Wakrah,21.62
wc2022,Poland,Doha,21.4
wc2022,Poland,Lusail,21.23
wc2022,Portugal,Al Khor,12.73
wc2022,Portugal,Al Rayyan,13.54
wc2022,Portugal,Al Wakrah,13.57
wc2022,Portugal,Doha,13.35
wc2022,Portugal,Lusail,13.17
wc2022,Qatar,Al Khor,0.0
wc2022,Qatar,Al Rayyan,0.28
wc2022,Qatar,Al Wakrah,0.31
wc2022,Qatar,Doha,0.09
wc2022,Qatar,Lusail,0.0
wc2022,Saudi Arabia,Al Khor,2.71
wc2022,Saudi Arabia,Al Rayyan,3.52
wc2022,Saudi Arabia,Al Wakrah,3.56
wc2022,Saudi Arabia,Doha,3.34
wc2022,Saudi Arabia,Lusail,3.16
wc2022,Senegal,Al Khor,0.0
wc2022,Senegal,Al Rayyan,0.0
wc2022,Senegal,Al Wakrah,0.0
wc2022,Senegal,Doha,0.0
wc2022,Senegal,Lusail,0.0
wc2022,Serbia,Al Khor,17.56
wc2022,Serbia,Al Rayyan,18.37
wc2022,Serbia,Al Wakrah,18.41
wc2022,Serbia,Doha,18.19
wc2022,Serbia,Lusail,18.01
wc2022,South Korea,Al Khor,20.02
wc2022,South Korea,Al Rayyan,20.83
wc2022,South Korea,Al Wakrah,20.86
wc2022,South Korea,Doha,20.64
wc2022,South Korea,Lusail,20.46
wc2022,Spain,Al Khor,12.54
wc2022,Spain,Al Rayyan,13.35
wc2022,Spain,Al Wakrah,13.38
wc2022,Spain,Doha,13.16
wc2022,Spain,Lusail,12.99
wc2022,Switzerland,Al Khor,21.0
wc2022,Switzerland,Al Rayyan,21.81
wc2022,Switzerland,Al Wakrah,21.84
wc2022,Switzerland,Doha,21.62
wc2022,Switzerland,Lusail,21.44
wc2022,Tunisia,Al Khor,6.42
wc2022,Tunisia,Al Rayyan,7.23
wc2022,Tunisia,Al Wakrah,7.26
wc2022,Tunisia,Doha,7.04
wc2022,Tunisia,Lusail,6.86
wc2022,United States,Al Khor,15.95
wc2022,United States,Al Rayyan,16.76
wc2022,United States,Al Wakrah,16.8
wc2022,United States,Doha,16.58
wc2022,United States,Lusail,16.4
wc2022,Uruguay,Al Khor,0.0
wc2022,Uruguay,Al Rayyan,0.0
wc2022,Uruguay,Al Wakrah,0.0
wc2022,Uruguay,Doha,0.0
wc2022,Uruguay,Lusail,0.0
wc2022,Wales,Al Khor,15.87
wc2022,Wales,Al Rayyan,16.68
wc2022,Wales,Al Wakrah,16.72
wc2022,Wales,Doha,16.5
wc2022,Wales,Lusail,16.32
euro2016,Albania,Bordeaux,0.0
euro2016,Albania,Lens,0.0
euro2016,Albania,Lyon,0.0
euro2016,Albania,Marseille,0.0
euro2016,Albania,Nice,0.0
euro2016,Albania,Paris,0.0
euro2016,Albania,Saint-Denis,0.0
euro2016,Albania,Saint-Étienne,0.0
euro2016,Albania,Toulouse,0.0
euro2016,Albania,Villeneuve-d'Ascq,0.0
euro2016,Austria,Bordeaux,7.15
euro2016,Austria,Lens,3.14
euro2016,Austria,Lyon,7.75
euro2016,Austria,Marseille,8.5
euro2016,Austria,Nice,7.85
euro2016,Austria,Paris,4.74
euro2016,Austria,Saint-Denis,6.11
euro2016,Austria,Saint-Étienne,5.55
euro2016,Austria,Toulouse,7.99
euro2016,Austria,Villeneuve-d'Ascq,3.13
euro2016,Belgium,Bordeaux,4.09
euro2016,Belgium,Lens,0.08
euro2016,Belgium,Lyon,4.69
euro2016,Belgium,Marseille,5.44
euro2016,Belgium,Nice,4.79
euro2016,Belgium,Paris,1.69
euro2016,Belgium,Saint-Denis,3.05
euro2016,Belgium,Saint-Étienne,2.5
euro2016,Belgium,Toulouse,4.93
euro2016,Belgium,Villeneuve-d'Ascq,0.07
euro2016,Croatia,Bordeaux,0.14
euro2016,Croatia,Lens,0.0
euro2016,Croatia,Lyon,0.74
euro2016,Croatia,Marseille,1.49
euro2016,Croatia,Nice,0.84
euro2016,Croatia,Paris,0.0
euro2016,Croatia,Saint-Denis,0.0
euro2016,Croatia,Saint-Étienne,0.0
euro2016,Croatia,Toulouse,0.98
euro2016,Croatia,Villeneuve-d'Ascq,0.0
euro2016,Czech Republic,Bordeaux,1.52
euro2016,Czech Republic,Lens,0.0
euro2016,Czech Republic,Lyon,2.12
euro2016,Czech Republic,Marseille,2.87
euro2016,Czech Republic,Nice,2.22
euro2016,Czech Republic,Paris,0.0
euro2016,Czech Republic,Saint-Denis,0.48
euro2016,Czech Republic,Saint-Étienne,0.0
euro2016,Czech Republic,Toulouse,2.36
euro2016,Czech Republic,Villeneuve-d'Ascq,0.0
euro2016,England,Bordeaux,4.89
euro2016,England,Lens,0.88
euro2016,England,Lyon,5.49
euro2016,England,Marseille,6.25
euro2016,England,Nice,5.59
euro2016,England,Paris,2.49
euro2016,England,Saint-Denis,3.85
euro2016,England,Saint-Étienne,3.3
euro2016,England,Toulouse,5.73
euro2016,England,Villeneuve-d'Ascq,0.87
euro2016,France,Bordeaux,3.95
euro2016,France,Lens,0.0
euro2016,France,Lyon,4.55
euro2016,France,Marseille,5.3
euro2016,France,Nice,4.64
euro2016,France,Paris,1.54
euro2016,France,Saint-Denis,2.9
euro2016,France,Saint-Étienne,2.35
euro2016,France,Toulouse,4.78
euro2016,France,Villeneuve-d'Ascq,0.0
euro2016,Germany,Bordeaux,4.62
euro2016,Germany,Lens,0.61
euro2016,Germany,Lyon,5.22
euro2016,Germany,Marseille,5.98
euro2016,Germany,Nice,5.32
euro2016,Germany,Paris,2.22
euro2016,Germany,Saint-Denis,3.58
euro2016,Germany,Saint-Étienne,3.03
euro2016,Germany,Toulouse,5.46
euro2016,Germany,Villeneuve-d'Ascq,0.6
euro2016,Hungary,Bordeaux,0.0
euro2016,Hungary,Lens,0.0
euro2016,Hungary,Lyon,0.0
euro2016,Hungary,Marseille,0.0
euro2016,Hungary,Nice,0.0
euro2016,Hungary,Paris,0.0
euro2016,Hungary,Saint-Denis,0.0
euro2016,Hungary,Saint-Étienne,0.0
euro2016,Hungary,Toulouse,0.0
euro2016,Hungary,Villeneuve-d'Ascq,0.0
euro2016,Iceland,Bordeaux,16.92
euro2016,Iceland,Lens,12.91
euro2016,Iceland,Lyon,17.52
euro2016,Iceland,Marseille,18.27
euro2016,Iceland,Nice,17.61
euro2016,Iceland,Paris,14.51
euro2016,Iceland,Saint-Denis,15.88
euro2016,Iceland,Saint-Étienne,15.32
euro2016,Iceland,Toulouse,17.76
euro2016,Iceland,Villeneuve-d'Ascq,12.9
euro2016,Italy,Bordeaux,0.0
euro2016,Italy,Lens,0.0
euro2016,Italy,Lyon,0.0
euro2016,Italy,Marseille,0.53
euro2016,Italy,Nice,0.0
euro2016,Italy,Paris,0.0
euro2016,Italy,Saint-Denis,0.0
euro2016,Italy,Saint-Étienne,0.0
euro2016,Italy,Toulouse,0.02
euro2016,Italy,Villeneuve-d'Ascq,0.0
euro2016,Northern Ireland,Bordeaux,8.65
euro2016,Northern Ireland,Lens,4.64
euro2016,Northern Ireland,Lyon,9.25
euro2016,Northern Ireland,Marseille,10.0
euro2016,Northern Ireland,Nice,9.35
euro2016,Northern Ireland,Paris,6.25
euro2016,Northern Ireland,Saint-Denis,7.61
euro2016,Northern Ireland,Saint-Étienne,7.05
euro2016,Northern Ireland,Toulouse,9.49
euro2016,Northern Ireland,Villeneuve-d'Ascq,4.63
euro2016,Poland,Bordeaux,2.28
euro2016,Poland,Lens,0.0
euro2016,Poland,Lyon,2.88
euro2016,Poland,Marseille,3.63
euro2016,Poland,Nice,2.97
euro2016,Poland,Paris,0.0
euro2016,Poland,Saint-Denis,1.24
euro2016,Poland,Saint-Étienne,0.68
euro2016,Poland,Toulouse,3.12
euro2016,Poland,Villeneuve-d'Ascq,0.0
euro2016,Portugal,Bordeaux,0.0
euro2016,Portugal,Lens,0.0
euro2016,Portugal,Lyon,0.0
euro2016,Portugal,Marseille,0.43
euro2016,Portugal,Nice,0.0
euro2016,Portugal,Paris,0.0
euro2016,Portugal,Saint-Denis,0.0
euro2016,Portugal,Saint-Étienne,0.0
euro2016,Portugal,Toulouse,0.0
euro2016,Portugal,Villeneuve-d'Ascq,0.0
euro2016,Republic of Ireland,Bordeaux,7.76
euro2016,Republic of Ireland,Lens,3.75
euro2016,Republic of Ireland,Lyon,8.36
euro2016,Republic of Ireland,Marseille,9.11
euro2016,Republic of Ireland,Nice,8.45
euro2016,Republic of Ireland,Paris,5.35
euro2016,Republic of Ireland,Saint-Denis,6.71
euro2016,Republic of Ireland,Saint-Étienne,6.16
euro2016,Republic of Ireland,Toulouse,8.59
euro2016,Republic of Ireland,Villeneuve-d'Ascq,3.74
euro2016,Romania,Bordeaux,2.05
euro2016,Romania,Lens,0.0
euro2016,Romania,Lyon,2.65
euro2016,Romania,Marseille,3.41
euro2016,Romania,Nice,2.75
euro2016,Romania,Paris,0.0
euro2016,Romania,Saint-Denis,1.01
euro2016,Romania,Saint-Étienne,0.46
euro2016,Romania,Toulouse,2.89
euro2016,Romania,Villeneuve-d'Ascq,0.0
euro2016,Russia,Bordeaux,3.39
euro2016,Russia,Lens,0.0
euro2016,Russia,Lyon,3.99
euro2016,Russia,Marseille,4.75
euro2016,Russia,Nice,4.09
euro2016,Russia,Paris,0.99
euro2016,Russia,Saint-Denis,2.35
euro2016,Russia,Saint-Étienne,1.8
euro2016,Russia,Toulouse,4.23
euro2016,Russia,Villeneuve-d'Ascq,0.0
euro2016,Slovakia,Bordeaux,7.39
euro2016,Slovakia,Lens,3.37
euro2016,Slovakia,Lyon,7.99
euro2016,Slovakia,Marseille,8.74
euro2016,Slovakia,Nice,8.08
euro2016,Slovakia,Paris,4.98
euro2016,Slovakia,Saint-Denis,6.34
euro2016,Slovakia,Saint-Étienne,5.79
euro2016,Slovakia,Toulouse,8.22
euro2016,Slovakia,Villeneuve-d'Ascq,3.37
euro2016,Spain,Bordeaux,0.0
euro2016,Spain,Lens,0.0
euro2016,Spain,Lyon,0.0
euro2016,Spain,Marseille,0.0
euro2016,Spain,Nice,0.0
euro2016,Spain,Paris,0.0
euro2016,Spain,Saint-Denis,0.0
euro2016,Spain,Saint-Étienne,0.0
euro2016,Spain,Toulouse,0.0
euro2016,Spain,Villeneuve-d'Ascq,0.0
euro2016,Sweden,Bordeaux,7.89
euro2016,Sweden,Lens,3.88
euro2016,Sweden,Lyon,8.49
euro2016,Sweden,Marseille,9.24
euro2016,Sweden,Nice,8.59
euro2016,Sweden,Paris,5.49
euro2016,Sweden,Saint-Denis,6.85
euro2016,Sweden,Saint-Étienne,6.29
euro2016,Sweden,Toulouse,8.73
euro2016,Sweden,Villeneuve-d'Ascq,3.87
euro2016,Switzerland,Bordeaux,6.24
euro2016,Switzerland,Lens,2.23
euro2016,Switzerland,Lyon,6.84
euro2016,Switzerland,Marseille,7.59
euro2016,Switzerland,Nice,6.94
euro2016,Switzerland,Paris,3.84
euro2016,Switzerland,Saint-Denis,5.2
euro2016,Switzerland,Saint-Étienne,4.65
euro2016,Switzerland,Toulouse,7.08
euro2016,Switzerland,Villeneuve-d'Ascq,2.22
euro2016,Turkey,Bordeaux,0.0
euro2016,Turkey,Lens,0.0
euro2016,Turkey,Lyon,0.0
euro2016,Turkey,Marseille,0.0
euro2016,Turkey,Nice,0.0
euro2016,Turkey,Paris,0.0
euro2016,Turkey,Saint-Denis,0.0
euro2016,Turkey,Saint-Étienne,0.0
euro2016,Turkey,Toulouse,0.0
euro2016,Turkey,Villeneuve-d'Ascq,0.0
euro2016,Ukraine,Bordeaux,0.0
euro2016,Ukraine,Lens,0.0
euro2016,Ukraine,Lyon,0.14
euro2016,Ukraine,Marseille,0.9
euro2016,Ukraine,Nice,0.24
euro2016,Ukraine,Paris,0.0
euro2016,Ukraine,Saint-Denis,0.0
euro2016,Ukraine,Saint-Étienne,0.0
euro2016,Ukraine,Toulouse,0.38
euro2016,Ukraine,Villeneuve-d'Ascq,0.0
euro2016,Wales,Bordeaux,6.96
euro2016,Wales,Lens,2.95
euro2016,Wales,Lyon,7.56
euro2016,Wales,Marseille,8.32
euro2016,Wales,Nice,7.66
euro2016,Wales,Paris,4.56
euro2016,Wales,Saint-Denis,5.92
euro2016,Wales,Saint-Étienne,5.37
euro2016,Wales,Toulouse,7.8
euro2016,Wales,Villeneuve-d'Ascq,2.94
euro2020,Austria,Amsterdam,1.31
euro2020,Austria,Baku,10.27
euro2020,Austria,Bucharest,8.89
euro2020,Austria,Budapest,8.08
euro2020,Austria,Cardiff,0.21
euro2020,Austria,Copenhagen,0.95
euro2020,Austria,Glasgow,0.0
euro2020,Austria,London,2.25
euro2020,Austria,Munich,3.75
euro2020,Austria,Rome,11.06
euro2020,Austria,Saint Petersburg,1.38
euro2020,Austria,Seville,15.5
euro2020,Belgium,Amsterdam,0.0
euro2020,Belgium,Baku,7.46
euro2020,Belgium,Bucharest,6.08
euro2020,Belgium,Budapest,5.27
euro2020,Belgium,Cardiff,0.0
euro2020,Belgium,Copenhagen,0.0
euro2020,Belgium,Glasgow,0.0
euro2020,Belgium,London,0.0
euro2020,Belgium,Munich,0.94
euro2020,Belgium,Rome,8.25
euro2020,Belgium,Saint Petersburg,0.0
euro2020,Belgium,Seville,12.69
euro2020,Croatia,Amsterdam,0.0
euro2020,Croatia,Baku,2.9
euro2020,Croatia,Bucharest,1.52
euro2020,Croatia,Budapest,0.71
euro2020,Croatia,Cardiff,0.0
euro2020,Croatia,Copenhagen,0.0
euro2020,Croatia,Glasgow,0.0
euro2020,Croatia,London,0.0
euro2020,Croatia,Munich,0.0
euro2020,Croatia,Rome,3.69
euro2020,Croatia,Saint Petersburg,0.0
euro2020,Croatia,Seville,8.13
euro2020,Czech Republic,Amsterdam,0.0
euro2020,Czech Republic,Baku,4.63
euro2020,Czech Republic,Bucharest,3.25
euro2020,Czech Republic,Budapest,2.44
euro2020,Czech Republic,Cardiff,0.0
euro2020,Czech Republic,Copenhagen,0.0
euro2020,Czech Republic,Glasgow,0.0
euro2020,Czech Republic,London,0.0
euro2020,Czech Republic,Munich,0.0
euro2020,Czech Republic,Rome,5.42
euro2020,Czech Republic,Saint Petersburg,0.0
euro2020,Czech Republic,Seville,9.86
euro2020,Denmark,Amsterdam,1.14
euro2020,Denmark,Baku,10.1
euro2020,Denmark,Bucharest,8.72
euro2020,Denmark,Budapest,7.91
euro2020,Denmark,Cardiff,0.04
euro2020,Denmark,Copenhagen,0.78
euro2020,Denmark,Glasgow,0.0
euro2020,Denmark,London,2.08
euro2020,Denmark,Munich,3.58
euro2020,Denmark,Rome,10.89
euro2020,Denmark,Saint Petersburg,1.21
euro2020,Denmark,Seville,15.33
euro2020,England,Amsterdam,0.0
euro2020,England,Baku,8.02
euro2020,England,Bucharest,6.64
euro2020,England,Budapest,5.83
euro2020,England,Cardiff,0.0
euro2020,England,Copenhagen,0.0
euro2020,England,Glasgow,0.0
euro2020,England,London,0.0
euro2020,England,Munich,1.5
euro2020,England,Rome,8.81
euro2020,England,Saint Petersburg,0.0
euro2020,England,Seville,13.25
euro2020,Finland,Amsterdam,1.74
euro2020,Finland,Baku,10.7
euro2020,Finland,Bucharest,9.32
euro2020,Finland,Budapest,8.51
euro2020,Finland,Cardiff,0.64
euro2020,Finland,Copenhagen,1.38
euro2020,Finland,Glasgow,0.0
euro2020,Finland,London,2.68
euro2020,Finland,Munich,4.18
euro2020,Finland,Rome,11.49
euro2020,Finland,Saint Petersburg,1.81
euro2020,Finland,Seville,15.93
euro2020,France,Amsterdam,0.0
euro2020,France,Baku,7.04
euro2020,France,Bucharest,5.65
euro2020,France,Budapest,4.85
euro2020,France,Cardiff,0.0
euro2020,France,Copenhagen,0.0
euro2020,France,Glasgow,0.0
euro2020,France,London,0.0
euro2020,France,Munich,0.52
euro2020,France,Rome,7.83
euro2020,France,Saint Petersburg,0.0
euro2020,France,Seville,12.27
euro2020,Germany,Amsterdam,0.0
euro2020,Germany,Baku,8.09
euro2020,Germany,Bucharest,6.7
euro2020,Germany,Budapest,5.89
euro2020,Germany,Cardiff,0.0
euro2020,Germany,Copenhagen,0.0
euro2020,Germany,Glasgow,0.0
euro2020,Germany,London,0.06
euro2020,Germany,Munich,1.56
euro2020,Germany,Rome,8.87
euro2020,Germany,Saint Petersburg,0.0
euro2020,Germany,Seville,13.31
euro2020,Hungary,Amsterdam,0.0
euro2020,Hungary,Baku,1.54
euro2020,Hungary,Bucharest,0.16
euro2020,Hungary,Budapest,0.0
euro2020,Hungary,Cardiff,0.0
euro2020,Hungary,Copenhagen,0.0
euro2020,Hungary,Glasgow,0.0
euro2020,Hungary,London,0.0
euro2020,Hungary,Munich,0.0
euro2020,Hungary,Rome,2.33
euro2020,Hungary,Saint Petersburg,0.0
euro2020,Hungary,Seville,6.77
euro2020,Italy,Amsterdam,0.0
euro2020,Italy,Baku,2.26
euro2020,Italy,Bucharest,0.87
euro2020,Italy,Budapest,0.06
euro2020,Italy,Cardiff,0.0
euro2020,Italy,Copenhagen,0.0
euro2020,Italy,Glasgow,0.0
euro2020,Italy,London,0.0
euro2020,Italy,Munich,0.0
euro2020,Italy,Rome,3.04
euro2020,Italy,Saint Petersburg,0.0
euro2020,Italy,Seville,7.49
euro2020,Netherlands,Amsterdam,0.0
euro2020,Netherlands,Baku,0.0
euro2020,Netherlands,Bucharest,0.0
euro2020,Netherlands,Budapest,0.0
euro2020,Netherlands,Cardiff,0.0
euro2020,Netherlands,Copenhagen,0.0
euro2020,Netherlands,Glasgow,0.0
euro2020,Netherlands,London,0.0
euro2020,Netherlands,Munich,0.0
euro2020,Netherlands,Rome,0.0
euro2020,Netherlands,Saint Petersburg,0.0
euro2020,Netherlands,Seville,2.79
euro2020,North Macedonia,Amsterdam,0.0
euro2020,North Macedonia,Baku,0.0
euro2020,North Macedonia,Bucharest,0.0
euro2020,North Macedonia,Budapest,0.0
euro2020,North Macedonia,Cardiff,0.0
euro2020,North Macedonia,Copenhagen,0.0
euro2020,North Macedonia,Glasgow,0.0
euro2020,North Macedonia,London,0.0
euro2020,North Macedonia,Munich,0.0
euro2020,North Macedonia,Rome,0.0
euro2020,North Macedonia,Saint Petersburg,0.0
euro2020,North Macedonia,Seville,3.06
euro2020,Poland,Amsterdam,0.0
euro2020,Poland,Baku,5.48
euro2020,Poland,Bucharest,4.09
euro2020,Poland,Budapest,3.29
euro2020,Poland,Cardiff,0.0
euro2020,Poland,Copenhagen,0.0
euro2020,Poland,Glasgow,0.0
euro2020,Poland,London,0.0
euro2020,Poland,Munich,0.0
euro2020,Poland,Rome,6.27
euro2020,Poland,Saint Petersburg,0.0
euro2020,Poland,Seville,10.71
euro2020,Portugal,Amsterdam,0.0
euro2020,Portugal,Baku,2.63
euro2020,Portugal,Bucharest,1.25
euro2020,Portugal,Budapest,0.44
euro2020,Portugal,Cardiff,0.0
euro2020,Portugal,Copenhagen,0.0
euro2020,Portugal,Glasgow,0.0
euro2020,Portugal,London,0.0
euro2020,Portugal,Munich,0.0
euro2020,Portugal,Rome,3.42
euro2020,Portugal,Saint Petersburg,0.0
euro2020,Portugal,Seville,7.86
euro2020,Russia,Amsterdam,0.0
euro2020,Russia,Baku,5.86
euro2020,Russia,Bucharest,4.48
euro2020,Russia,Budapest,3.67
euro2020,Russia,Cardiff,0.0
euro2020,Russia,Copenhagen,0.0
euro2020,Russia,Glasgow,0.0
euro2020,Russia,London,0.0
euro2020,Russia,Munich,0.0
euro2020,Russia,Rome,6.65
euro2020,Russia,Saint Petersburg,0.0
euro2020,Russia,Seville,11.09
euro2020,Scotland,Amsterdam,3.18
euro2020,Scotland,Baku,12.14
euro2020,Scotland,Bucharest,10.75
euro2020,Scotland,Budapest,9.95
euro2020,Scotland,Cardiff,2.08
euro2020,Scotland,Copenhagen,2.82
euro2020,Scotland,Glasgow,0.0
euro2020,Scotland,London,4.11
euro2020,Scotland,Munich,5.62
euro2020,Scotland,Rome,12.93
euro2020,Scotland,Saint Petersburg,3.24
euro2020,Scotland,Seville,17.37
euro2020,Slovakia,Amsterdam,1.59
euro2020,Slovakia,Baku,10.55
euro2020,Slovakia,Bucharest,9.17
euro2020,Slovakia,Budapest,8.36
euro2020,Slovakia,Cardiff,0.49
euro2020,Slovakia,Copenhagen,1.24
euro2020,Slovakia,Glasgow,0.0
euro2020,Slovakia,London,2.53
euro2020,Slovakia,Munich,4.03
euro2020,Slovakia,Rome,11.34
euro2020,Slovakia,Saint Petersburg,1.66
euro2020,Slovakia,Seville,15.78
euro2020,Spain,Amsterdam,0.0
euro2020,Spain,Baku,0.0
euro2020,Spain,Bucharest,0.0
euro2020,Spain,Budapest,0.0
euro2020,Spain,Cardiff,0.0
euro2020,Spain,Copenhagen,0.0
euro2020,Spain,Glasgow,0.0
euro2020,Spain,London,0.0
euro2020,Spain,Munich,0.0
euro2020,Spain,Rome,0.0
euro2020,Spain,Saint Petersburg,0.0
euro2020,Spain,Seville,2.0
euro2020,Sweden,Amsterdam,2.37
euro2020,Sweden,Baku,11.33
euro2020,Sweden,Bucharest,9.95
euro2020,Sweden,Budapest,9.14
euro2020,Sweden,Cardiff,1.27
euro2020,Sweden,Copenhagen,2.02
euro2020,Sweden,Glasgow,0.0
euro2020,Sweden,London,3.31
euro2020,Sweden,Munich,4.81
euro2020,Sweden,Rome,12.12
euro2020,Sweden,Saint Petersburg,2.44
euro2020,Sweden,Seville,16.56
euro2020,Switzerland,Amsterdam,0.67
euro2020,Switzerland,Baku,9.63
euro2020,Switzerland,Bucharest,8.24
euro2020,Switzerland,Budapest,7.43
euro2020,Switzerland,Cardiff,0.0
euro2020,Switzerland,Copenhagen,0.31
euro2020,Switzerland,Glasgow,0.0
euro2020,Switzerland,London,1.6
euro2020,Switzerland,Munich,3.11
euro2020,Switzerland,Rome,10.41
euro2020,Switzerland,Saint Petersburg,0.73
euro2020,Switzerland,Seville,14.86
euro2020,Turkey,Amsterdam,0.0
euro2020,Turkey,Baku,0.82
euro2020,Turkey,Bucharest,0.0
euro2020,Turkey,Budapest,0.0
euro2020,Turkey,Cardiff,0.0
euro2020,Turkey,Copenhagen,0.0
euro2020,Turkey,Glasgow,0.0
euro2020,Turkey,London,0.0
euro2020,Turkey,Munich,0.0
euro2020,Turkey,Rome,1.61
euro2020,Turkey,Saint Petersburg,0.0
euro2020,Turkey,Seville,6.05
euro2020,Ukraine,Amsterdam,0.0
euro2020,Ukraine,Baku,2.97
euro2020,Ukraine,Bucharest,1.58
euro2020,Ukraine,Budapest,0.78
euro2020,Ukraine,Cardiff,0.0
euro2020,Ukraine,Copenhagen,0.0
euro2020,Ukraine,Glasgow,0.0
euro2020,Ukraine,London,0.0
euro2020,Ukraine,Munich,0.0
euro2020,Ukraine,Rome,3.76
euro2020,Ukraine,Saint Petersburg,0.0
euro2020,Ukraine,Seville,8.2
euro2020,Wales,Amsterdam,1.1
euro2020,Wales,Baku,10.06
euro2020,Wales,Bucharest,8.68
euro2020,Wales,Budapest,7.87
euro2020,Wales,Cardiff,0.0
euro2020,Wales,Copenhagen,0.74
euro2020,Wales,Glasgow,0.0
euro2020,Wales,London,2.04
euro2020,Wales,Munich,3.54
euro2020,Wales,Rome,10.85
euro2020,Wales,Saint Petersburg,1.17
euro2020,Wales,Seville,15.29
euro2024,Albania,Berlin,0.0
euro2024,Albania,Cologne,0.0
euro2024,Albania,Dortmund,0.0
euro2024,Albania,Düsseldorf,0.0
euro2024,Albania,Frankfurt,0.0
euro2024,Albania,Gelsenkirchen,0.0
euro2024,Albania,Hamburg,0.0
euro2024,Albania,Leipzig,0.0
euro2024,Albania,Munich,0.0
euro2024,Albania,Stuttgart,0.0
euro2024,Austria,Berlin,4.5
euro2024,Austria,Cologne,4.22
euro2024,Austria,Dortmund,3.38
euro2024,Austria,Düsseldorf,4.06
euro2024,Austria,Frankfurt,5.76
euro2024,Austria,Gelsenkirchen,3.67
euro2024,Austria,Hamburg,2.81
euro2024,Austria,Leipzig,4.82
euro2024,Austria,Munich,3.78
euro2024,Austria,Stuttgart,4.76
euro2024,Belgium,Berlin,1.69
euro2024,Belgium,Cologne,1.41
euro2024,Belgium,Dortmund,0.57
euro2024,Belgium,Düsseldorf,1.25
euro2024,Belgium,Frankfurt,2.95
euro2024,Belgium,Gelsenkirchen,0.86
euro2024,Belgium,Hamburg,0.0
euro2024,Belgium,Leipzig,2.01
euro2024,Belgium,Munich,0.97
euro2024,Belgium,Stuttgart,1.95
euro2024,Croatia,Berlin,0.0
euro2024,Croatia,Cologne,0.0
euro2024,Croatia,Dortmund,0.0
euro2024,Croatia,Düsseldorf,0.0
euro2024,Croatia,Frankfurt,0.0
euro2024,Croatia,Gelsenkirchen,0.0
euro2024,Croatia,Hamburg,0.0
euro2024,Croatia,Leipzig,0.0
euro2024,Croatia,Munich,0.0
euro2024,Croatia,Stuttgart,0.0
euro2024,Czech Republic,Berlin,0.0
euro2024,Czech Republic,Cologne,0.0
euro2024,Czech Republic,Dortmund,0.0
euro2024,Czech Republic,Düsseldorf,0.0
euro2024,Czech Republic,Frankfurt,0.32
euro2024,Czech Republic,Gelsenkirchen,0.0
euro2024,Czech Republic,Hamburg,0.0
euro2024,Czech Republic,Leipzig,0.0
euro2024,Czech Republic,Munich,0.0
euro2024,Czech Republic,Stuttgart,0.0
euro2024,Denmark,Berlin,4.24
euro2024,Denmark,Cologne,3.96
euro2024,Denmark,Dortmund,3.12
euro2024,Denmark,Düsseldorf,3.8
euro2024,Denmark,Frankfurt,5.5
euro2024,Denmark,Gelsenkirchen,3.42
euro2024,Denmark,Hamburg,2.55
euro2024,Denmark,Leipzig,4.57
euro2024,Denmark,Munich,3.53
euro2024,Denmark,Stuttgart,4.51
euro2024,England,Berlin,2.01
euro2024,England,Cologne,1.73
euro2024,England,Dortmund,0.89
euro2024,England,Düsseldorf,1.57
euro2024,England,Frankfurt,3.27
euro2024,England,Gelsenkirchen,1.19
euro2024,England,Hamburg,0.32
euro2024,England,Leipzig,2.33
euro2024,England,Munich,1.29
euro2024,England,Stuttgart,2.27
euro2024,France,Berlin,1.04
euro2024,France,Cologne,0.76
euro2024,France,Dortmund,0.0
euro2024,France,Düsseldorf,0.6
euro2024,France,Frankfurt,2.3
euro2024,France,Gelsenkirchen,0.22
euro2024,France,Hamburg,0.0
euro2024,France,Leipzig,1.36
euro2024,France,Munich,0.32
euro2024,France,Stuttgart,1.3
euro2024,Georgia,Berlin,0.4
euro2024,Georgia,Cologne,0.12
euro2024,Georgia,Dortmund,0.0
euro2024,Georgia,Düsseldorf,0.0
euro2024,Georgia,Frankfurt,1.67
euro2024,Georgia,Gelsenkirchen,0.0
euro2024,Georgia,Hamburg,0.0
euro2024,Georgia,Leipzig,0.73
euro2024,Georgia,Munich,0.0
euro2024,Georgia,Stuttgart,0.67
euro2024,Germany,Berlin,2.15
euro2024,Germany,Cologne,1.87
euro2024,Germany,Dortmund,1.03
euro2024,Germany,Düsseldorf,1.71
euro2024,Germany,Frankfurt,3.41
euro2024,Germany,Gelsenkirchen,1.32
euro2024,Germany,Hamburg,0.46
euro2024,Germany,Leipzig,2.47
euro2024,Germany,Munich,1.43
euro2024,Germany,Stuttgart,2.41
euro2024,Hungary,Berlin,0.0
euro2024,Hungary,Cologne,0.0
euro2024,Hungary,Dortmund,0.0
euro2024,Hungary,Düsseldorf,0.0
euro2024,Hungary,Frankfurt,0.0
euro2024,Hungary,Gelsenkirchen,0.0
euro2024,Hungary,Hamburg,0.0
euro2024,Hungary,Leipzig,0.0
euro2024,Hungary,Munich,0.0
euro2024,Hungary,Stuttgart,0.0
euro2024,Italy,Berlin,0.0
euro2024,Italy,Cologne,0.0
euro2024,Italy,Dortmund,0.0
euro2024,Italy,Düsseldorf,0.0
euro2024,Italy,Frankfurt,0.0
euro2024,Italy,Gelsenkirchen,0.0
euro2024,Italy,Hamburg,0.0
euro2024,Italy,Leipzig,0.0
euro2024,Italy,Munich,0.0
euro2024,Italy,Stuttgart,0.0
euro2024,Netherlands,Berlin,0.0
euro2024,Netherlands,Cologne,0.0
euro2024,Netherlands,Dortmund,0.0
euro2024,Netherlands,Düsseldorf,0.0
euro2024,Netherlands,Frankfurt,0.0
euro2024,Netherlands,Gelsenkirchen,0.0
euro2024,Netherlands,Hamburg,0.0
euro2024,Netherlands,Leipzig,0.0
euro2024,Netherlands,Munich,0.0
euro2024,Netherlands,Stuttgart,0.0
euro2024,Poland,Berlin,0.0
euro2024,Poland,Cologne,0.0
euro2024,Poland,Dortmund,0.0
euro2024,Poland,Düsseldorf,0.0
euro2024,Poland,Frankfurt,1.06
euro2024,Poland,Gelsenkirchen,0.0
euro2024,Poland,Hamburg,0.0
euro2024,Poland,Leipzig,0.12
euro2024,Poland,Munich,0.0
euro2024,Poland,Stuttgart,0.06
euro2024,Portugal,Berlin,0.0
euro2024,Portugal,Cologne,0.0
euro2024,Portugal,Dortmund,0.0
euro2024,Portugal,Düsseldorf,0.0
euro2024,Portugal,Frankfurt,0.0
euro2024,Portugal,Gelsenkirchen,0.0
euro2024,Portugal,Hamburg,0.0
euro2024,Portugal,Leipzig,0.0
euro2024,Portugal,Munich,0.0
euro2024,Portugal,Stuttgart,0.0
euro2024,Romania,Berlin,0.59
euro2024,Romania,Cologne,0.31
euro2024,Romania,Dortmund,0.0
euro2024,Romania,Düsseldorf,0.15
euro2024,Romania,Frankfurt,1.85
euro2024,Romania,Gelsenkirchen,0.0
euro2024,Romania,Hamburg,0.0
euro2024,Romania,Leipzig,0.92
euro2024,Romania,Munich,0.0
euro2024,Romania,Stuttgart,0.86
euro2024,Scotland,Berlin,6.2
euro2024,Scotland,Cologne,5.92
euro2024,Scotland,Dortmund,5.08
euro2024,Scotland,Düsseldorf,5.76
euro2024,Scotland,Frankfurt,7.46
euro2024,Scotland,Gelsenkirchen,5.37
euro2024,Scotland,Hamburg,4.51
euro2024,Scotland,Leipzig,6.52
euro2024,Scotland,Munich,5.48
euro2024,Scotland,Stuttgart,6.46
euro2024,Serbia,Berlin,0.0
euro2024,Serbia,Cologne,0.0
euro2024,Serbia,Dortmund,0.0
euro2024,Serbia,Düsseldorf,0.0
euro2024,Serbia,Frankfurt,0.0
euro2024,Serbia,Gelsenkirchen,0.0
euro2024,Serbia,Hamburg,0.0
euro2024,Serbia,Leipzig,0.0
euro2024,Serbia,Munich,0.0
euro2024,Serbia,Stuttgart,0.0
euro2024,Slovakia,Berlin,5.02
euro2024,Slovakia,Cologne,4.74
euro2024,Slovakia,Dortmund,3.9
euro2024,Slovakia,Düsseldorf,4.58
euro2024,Slovakia,Frankfurt,6.28
euro2024,Slovakia,Gelsenkirchen,4.19
euro2024,Slovakia,Hamburg,3.33
euro2024,Slovakia,Leipzig,5.34
euro2024,Slovakia,Munich,4.3
euro2024,Slovakia,Stuttgart,5.28
euro2024,Slovenia,Berlin,0.35
euro2024,Slovenia,Cologne,0.07
euro2024,Slovenia,Dortmund,0.0
euro2024,Slovenia,Düsseldorf,0.0
euro2024,Slovenia,Frankfurt,1.61
euro2024,Slovenia,Gelsenkirchen,0.0
euro2024,Slovenia,Hamburg,0.0
euro2024,Slovenia,Leipzig,0.67
euro2024,Slovenia,Munich,0.0
euro2024,Slovenia,Stuttgart,0.61
euro2024,Spain,Berlin,0.0
euro2024,Spain,Cologne,0.0
euro2024,Spain,Dortmund,0.0
euro2024,Spain,Düsseldorf,0.0
euro2024,Spain,Frankfurt,0.0
euro2024,Spain,Gelsenkirchen,0.0
euro2024,Spain,Hamburg,0.0
euro2024,Spain,Leipzig,0.0
euro2024,Spain,Munich,0.0
euro2024,Spain,Stuttgart,0.0
euro2024,Switzerland,Berlin,3.82
euro2024,Switzerland,Cologne,3.54
euro2024,Switzerland,Dortmund,2.7
euro2024,Switzerland,Düsseldorf,3.38
euro2024,Switzerland,Frankfurt,5.08
euro2024,Switzerland,Gelsenkirchen,3.0
euro2024,Switzerland,Hamburg,2.13
euro2024,Switzerland,Leipzig,4.15
euro2024,Switzerland,Munich,3.11
euro2024,Switzerland,Stuttgart,4.08
euro2024,Turkey,Berlin,0.0
euro2024,Turkey,Cologne,0.0
euro2024,Turkey,Dortmund,0.0
euro2024,Turkey,Düsseldorf,0.0
euro2024,Turkey,Frankfurt,0.0
euro2024,Turkey,Gelsenkirchen,0.0
euro2024,Turkey,Hamburg,0.0
euro2024,Turkey,Leipzig,0.0
euro2024,Turkey,Munich,0.0
euro2024,Turkey,Stuttgart,0.0
euro2024,Ukraine,Berlin,0.0
euro2024,Ukraine,Cologne,0.0
euro2024,Ukraine,Dortmund,0.0
euro2024,Ukraine,Düsseldorf,0.0
euro2024,Ukraine,Frankfurt,0.0
euro2024,Ukraine,Gelsenkirchen,0.0
euro2024,Ukraine,Hamburg,0.0
euro2024,Ukraine,Leipzig,0.0
euro2024,Ukraine,Munich,0.0
euro2024,Ukraine,Stuttgart,0.0
wc2026,Algeria,Arlington,0.0
wc2026,Algeria,Atlanta,0.0
wc2026,Algeria,East Rutherford,0.0
wc2026,Algeria,Foxborough,0.0
wc2026,Algeria,Guadalupe,0.0
wc2026,Algeria,Houston,0.0
wc2026,Algeria,Inglewood,0.0
wc2026,Algeria,Kansas City,0.0
wc2026,Algeria,Mexico City,0.0
wc2026,Algeria,Miami Gardens,0.0
wc2026,Algeria,Philadelphia,0.0
wc2026,Algeria,Santa Clara,0.0
wc2026,Algeria,Seattle,0.0
wc2026,Algeria,Toronto,0.0
wc2026,Algeria,Vancouver,0.0
wc2026,Algeria,Zapopan,0.0
wc2026,Argentina,Arlington,19.82
wc2026,Argentina,Atlanta,16.0
wc2026,Argentina,East Rutherford,14.18
wc2026,Argentina,Foxborough,12.56
wc2026,Argentina,Guadalupe,19.05
wc2026,Argentina,Houston,17.8
wc2026,Argentina,Inglewood,12.66
wc2026,Argentina,Kansas City,16.91
wc2026,Argentina,Mexico City,8.75
wc2026,Argentina,Miami Gardens,16.26
wc2026,Argentina,Philadelphia,15.3
wc2026,Argentina,Santa Clara,17.15
wc2026,Argentina,Seattle,8.49
wc2026,Argentina,Toronto,10.91
wc2026,Argentina,Vancouver,6.21
wc2026,Argentina,Zapopan,13.49
wc2026,Australia,Arlington,13.93
wc2026,Australia,Atlanta,10.11
wc2026,Australia,East Rutherford,8.29
wc2026,Australia,Foxborough,6.67
wc2026,Australia,Guadalupe,13.16
wc2026,Australia,Houston,11.91
wc2026,Australia,Inglewood,6.77
wc2026,Australia,Kansas City,11.01
wc2026,Australia,Mexico City,2.86
wc2026,Australia,Miami Gardens,10.37
wc2026,Australia,Philadelphia,9.41
wc2026,Australia,Santa Clara,11.26
wc2026,Australia,Seattle,2.6
wc2026,Australia,Toronto,5.02
wc2026,Australia,Vancouver,0.32
wc2026,Australia,Zapopan,7.6
wc2026,Austria,Arlington,14.45
wc2026,Austria,Atlanta,10.64
wc2026,Austria,East Rutherford,8.82
wc2026,Austria,Foxborough,7.19
wc2026,Austria,Guadalupe,13.69
wc2026,Austria,Houston,12.43
wc2026,Austria,Inglewood,7.3
wc2026,Austria,Kansas City,11.54
wc2026,Austria,Mexico City,3.38
wc2026,Austria,Miami Gardens,10.89
wc2026,Austria,Philadelphia,9.93
wc2026,Austria,Santa Clara,11.79
wc2026,Austria,Seattle,3.13
wc2026,Austria,Toronto,5.55
wc2026,Austria,Vancouver,0.84
wc2026,Austria,Zapopan,8.13
wc2026,Belgium,Arlington,11.89
wc2026,Belgium,Atlanta,8.07
wc2026,Belgium,East Rutherford,6.25
wc2026,Belgium,Foxborough,4.63
wc2026,Belgium,Guadalupe,11.12
wc2026,Belgium,Houston,9.87
wc2026,Belgium,Inglewood,4.73
wc2026,Belgium,Kansas City,8.97
wc2026,Belgium,Mexico City,0.82
wc2026,Belgium,Miami Gardens,8.32
wc2026,Belgium,Philadelphia,7.36
wc2026,Belgium,Santa Clara,9.22
wc2026,Belgium,Seattle,0.56
wc2026,Belgium,Toronto,2.98
wc2026,Belgium,Vancouver,0.0
wc2026,Belgium,Zapopan,5.56
wc2026,Bosnia and Herzegovina,Arlington,8.05
wc2026,Bosnia and Herzegovina,Atlanta,4.24
wc2026,Bosnia and Herzegovina,East Rutherford,2.42
wc2026,Bosnia and Herzegovina,Foxborough,0.8
wc2026,Bosnia and Herzegovina,Guadalupe,7.29
wc2026,Bosnia and Herzegovina,Houston,6.04
wc2026,Bosnia and Herzegovina,Inglewood,0.9
wc2026,Bosnia and Herzegovina,Kansas City,5.14
wc2026,Bosnia and Herzegovina,Mexico City,0.0
wc2026,Bosnia and Herzegovina,Miami Gardens,4.49
wc2026,Bosnia and Herzegovina,Philadelphia,3.53
wc2026,Bosnia and Herzegovina,Santa Clara,5.39
wc2026,Bosnia and Herzegovina,Seattle,0.0
wc2026,Bosnia and Herzegovina,Toronto,0.0
wc2026,Bosnia and Herzegovina,Vancouver,0.0
wc2026,Bosnia and Herzegovina,Zapopan,1.73
wc2026,Brazil,Arlington,2.18
wc2026,Brazil,Atlanta,0.0
wc2026,Brazil,East Rutherford,0.0
wc2026,Brazil,Foxborough,0.0
wc2026,Brazil,Guadalupe,1.42
wc2026,Brazil,Houston,0.17
wc2026,Brazil,Inglewood,0.0
wc2026,Brazil,Kansas City,0.0
wc2026,Brazil,Mexico City,0.0
wc2026,Brazil,Miami Gardens,0.0
wc2026,Brazil,Philadelphia,0.0
wc2026,Brazil,Santa Clara,0.0
wc2026,Brazil,Seattle,0.0
wc2026,Brazil,Toronto,0.0
wc2026,Brazil,Vancouver,0.0
wc2026,Brazil,Zapopan,0.0
wc2026,Canada,Arlington,11.55
wc2026,Canada,Atlanta,7.74
wc2026,Canada,East Rutherford,5.92
wc2026,Canada,Foxborough,4.3
wc2026,Canada,Guadalupe,10.79
wc2026,Canada,Houston,9.54
wc2026,Canada,Inglewood,4.4
wc2026,Canada,Kansas City,8.64
wc2026,Canada,Mexico City,0.49
wc2026,Canada,Miami Gardens,7.99
wc2026,Canada,Philadelphia,7.03
wc2026,Canada,Santa Clara,8.89
wc2026,Canada,Seattle,0.23
wc2026,Canada,Toronto,2.65
wc2026,Canada,Vancouver,0.0
wc2026,Canada,Zapopan,5.23
wc2026,Cape Verde,Arlington,6.26
wc2026,Cape Verde,Atlanta,2.44
wc2026,Cape Verde,East Rutherford,0.62
wc2026,Cape Verde,Foxborough,0.0
wc2026,Cape Verde,Guadalupe,5.49
wc2026,Cape Verde,Houston,4.24
wc2026,Cape Verde,Inglewood,0.0
wc2026,Cape Verde,Kansas City,3.34
wc2026,Cape Verde,Mexico City,0.0
wc2026,Cape Verde,Miami Gardens,2.69
wc2026,Cape Verde,Philadelphia,1.73
wc2026,Cape Verde,Santa Clara,3.59
wc2026,Cape Verde,Seattle,0.0
wc2026,Cape Verde,Toronto,0.0
wc2026,Cape Verde,Vancouver,0.0
wc2026,Cape Verde,Zapopan,0.0
wc2026,Colombia,Arlington,5.86
wc2026,Colombia,Atlanta,2.04
wc2026,Colombia,East Rutherford,0.22
wc2026,Colombia,Foxborough,0.0
wc2026,Colombia,Guadalupe,5.09
wc2026,Colombia,Houston,3.84
wc2026,Colombia,Inglewood,0.0
wc2026,Colombia,Kansas City,2.95
wc2026,Colombia,Mexico City,0.0
wc2026,Colombia,Miami Gardens,2.3
wc2026,Colombia,Philadelphia,1.34
wc2026,Colombia,Santa Clara,3.19
wc2026,Colombia,Seattle,0.0
wc2026,Colombia,Toronto,0.0
wc2026,Colombia,Vancouver,0.0
wc2026,Colombia,Zapopan,0.0
wc2026,Croatia,Arlington,6.77
wc2026,Croatia,Atlanta,2.96
wc2026,Croatia,East Rutherford,1.14
wc2026,Croatia,Foxborough,0.0
wc2026,Croatia,Guadalupe,6.0
wc2026,Croatia,Houston,4.75
wc2026,Croatia,Inglewood,0.0
wc2026,Croatia,Kansas City,3.86
wc2026,Croatia,Mexico City,0.0
wc2026,Croatia,Miami Gardens,3.21
wc2026,Croatia,Philadelphia,2.25
wc2026,Croatia,Santa Clara,4.1
wc2026,Croatia,Seattle,0.0
wc2026,Croatia,Toronto,0.0
wc2026,Croatia,Vancouver,0.0
wc2026,Croatia,Zapopan,0.45
wc2026,Curaçao,Arlington,3.98
wc2026,Curaçao,Atlanta,0.16
wc2026,Curaçao,East Rutherford,0.0
wc2026,Curaçao,Foxborough,0.0
wc2026,Curaçao,Guadalupe,3.21
wc2026,Curaçao,Houston,1.96
wc2026,Curaçao,Inglewood,0.0
wc2026,Curaçao,Kansas City,1.06
wc2026,Curaçao,Mexico City,0.0
wc2026,Curaçao,Miami Gardens,0.41
wc2026,Curaçao,Philadelphia,0.0
wc2026,Curaçao,Santa Clara,1.31
wc2026,Curaçao,Seattle,0.0
wc2026,Curaçao,Toronto,0.0
wc2026,Curaçao,Vancouver,0.0
wc2026,Curaçao,Zapopan,0.0
wc2026,Czech Republic,Arlington,9.04
wc2026,Czech Republic,Atlanta,5.23
wc2026,Czech Republic,East Rutherford,3.41
wc2026,Czech Republic,Foxborough,1.78
wc2026,Czech Republic,Guadalupe,8.27
wc2026,Czech Republic,Houston,7.02
wc2026,Czech Republic,Inglewood,1.88
wc2026,Czech Republic,Kansas City,6.13
wc2026,Czech Republic,Mexico City,0.0
wc2026,Czech Republic,Miami Gardens,5.48
wc2026,Czech Republic,Philadelphia,4.52
wc2026,Czech Republic,Santa Clara,6.37
wc2026,Czech Republic,Seattle,0.0
wc2026,Czech Republic,Toronto,0.13
wc2026,Czech Republic,Vancouver,0.0
wc2026,Czech Republic,Zapopan,2.72
wc2026,DR Congo,Arlington,4.33
wc2026,DR Congo,Atlanta,0.51
wc2026,DR Congo,East Rutherford,0.0
wc2026,DR Congo,Foxborough,0.0
wc2026,DR Congo,Guadalupe,3.56
wc2026,DR Congo,Houston,2.31
wc2026,DR Congo,Inglewood,0.0
wc2026,DR Congo,Kansas City,1.42
wc2026,DR Congo,Mexico City,0.0
wc2026,DR Congo,Miami Gardens,0.77
wc2026,DR Congo,Philadelphia,0.0
wc2026,DR Congo,Santa Clara,1.66
wc2026,DR Congo,Seattle,0.0
wc2026,DR Congo,Toronto,0.0
wc2026,DR Congo,Vancouver,0.0
wc2026,DR Congo,Zapopan,0.0
wc2026,Ecuador,Arlington,23.23
wc2026,Ecuador,Atlanta,19.41
wc2026,Ecuador,East Rutherford,17.59
wc2026,Ecuador,Foxborough,15.97
wc2026,Ecuador,Guadalupe,22.46
wc2026,Ecuador,Houston,21.21
wc2026,Ecuador,Inglewood,16.07
wc2026,Ecuador,Kansas City,20.31
wc2026,Ecuador,Mexico City,12.16
wc2026,Ecuador,Miami Gardens,19.66
wc2026,Ecuador,Philadelphia,18.7
wc2026,Ecuador,Santa Clara,20.56
wc2026,Ecuador,Seattle,11.9
wc2026,Ecuador,Toronto,14.32
wc2026,Ecuador,Vancouver,9.61
wc2026,Ecuador,Zapopan,16.9
wc2026,Egypt,Arlington,0.0
wc2026,Egypt,Atlanta,0.0
wc2026,Egypt,East Rutherford,0.0
wc2026,Egypt,Foxborough,0.0
wc2026,Egypt,Guadalupe,0.0
wc2026,Egypt,Houston,0.0
wc2026,Egypt,Inglewood,0.0
wc2026,Egypt,Kansas City,0.0
wc2026,Egypt,Mexico City,0.0
wc2026,Egypt,Miami Gardens,0.0
wc2026,Egypt,Philadelphia,0.0
wc2026,Egypt,Santa Clara,0.0
wc2026,Egypt,Seattle,0.0
wc2026,Egypt,Toronto,0.0
wc2026,Egypt,Vancouver,0.0
wc2026,Egypt,Zapopan,0.0
wc2026,England,Arlington,11.92
wc2026,England,Atlanta,8.1
wc2026,England,East Rutherford,6.28
wc2026,England,Foxborough,4.66
wc2026,England,Guadalupe,11.15
wc2026,England,Houston,9.9
wc2026,England,Inglewood,4.76
wc2026,England,Kansas City,9.0
wc2026,England,Mexico City,0.85
wc2026,England,Miami Gardens,8.36
wc2026,England,Philadelphia,7.39
wc2026,England,Santa Clara,9.25
wc2026,England,Seattle,0.59
wc2026,England,Toronto,3.01
wc2026,England,Vancouver,0.0
wc2026,England,Zapopan,5.59
wc2026,France,Arlington,11.3
wc2026,France,Atlanta,7.49
wc2026,France,East Rutherford,5.67
wc2026,France,Foxborough,4.05
wc2026,France,Guadalupe,10.54
wc2026,France,Houston,9.28
wc2026,France,Inglewood,4.15
wc2026,France,Kansas City,8.39
wc2026,France,Mexico City,0.24
wc2026,France,Miami Gardens,7.74
wc2026,France,Philadelphia,6.78
wc2026,France,Santa Clara,8.64
wc2026,France,Seattle,0.0
wc2026,France,Toronto,2.4
wc2026,France,Vancouver,0.0
wc2026,France,Zapopan,4.98
wc2026,Germany,Arlington,12.25
wc2026,Germany,Atlanta,8.44
wc2026,Germany,East Rutherford,6.62
wc2026,Germany,Foxborough,5.0
wc2026,Germany,Guadalupe,11.49
wc2026,Germany,Houston,10.24
wc2026,Germany,Inglewood,5.1
wc2026,Germany,Kansas City,9.34
wc2026,Germany,Mexico City,1.19
wc2026,Germany,Miami Gardens,8.69
wc2026,Germany,Philadelphia,7.73
wc2026,Germany,Santa Clara,9.59
wc2026,Germany,Seattle,0.93
wc2026,Germany,Toronto,3.35
wc2026,Germany,Vancouver,0.0
wc2026,Germany,Zapopan,5.93
wc2026,Ghana,Arlington,3.23
wc2026,Ghana,Atlanta,0.0
wc2026,Ghana,East Rutherford,0.0
wc2026,Ghana,Foxborough,0.0
wc2026,Ghana,Guadalupe,2.47
wc2026,Ghana,Houston,1.21
wc2026,Ghana,Inglewood,0.0
wc2026,Ghana,Kansas City,0.32
wc2026,Ghana,Mexico City,0.0
wc2026,Ghana,Miami Gardens,0.0
wc2026,Ghana,Philadelphia,0.0
wc2026,Ghana,Santa Clara,0.57
wc2026,Ghana,Seattle,0.0
wc2026,Ghana,Toronto,0.0
wc2026,Ghana,Vancouver,0.0
wc2026,Ghana,Zapopan,0.0
wc2026,Haiti,Arlington,8.15
wc2026,Haiti,Atlanta,4.34
wc2026,Haiti,East Rutherford,2.52
wc2026,Haiti,Foxborough,0.9
wc2026,Haiti,Guadalupe,7.39
wc2026,Haiti,Houston,6.14
wc2026,Haiti,Inglewood,1.0
wc2026,Haiti,Kansas City,5.24
wc2026,Haiti,Mexico City,0.0
wc2026,Haiti,Miami Gardens,4.59
wc2026,Haiti,Philadelphia,3.63
wc2026,Haiti,Santa Clara,5.49
wc2026,Haiti,Seattle,0.0
wc2026,Haiti,Toronto,0.0
wc2026,Haiti,Vancouver,0.0
wc2026,Haiti,Zapopan,1.83
wc2026,Iran,Arlington,0.0
wc2026,Iran,Atlanta,0.0
wc2026,Iran,East Rutherford,0.0
wc2026,Iran,Foxborough,0.0
wc2026,Iran,Guadalupe,0.0
wc2026,Iran,Houston,0.0
wc2026,Iran,Inglewood,0.0
wc2026,Iran,Kansas City,0.0
wc2026,Iran,Mexico City,0.0
wc2026,Iran,Miami Gardens,0.0
wc2026,Iran,Philadelphia,0.0
wc2026,Iran,Santa Clara,0.0
wc2026,Iran,Seattle,0.0
wc2026,Iran,Toronto,0.0
wc2026,Iran,Vancouver,0.0
wc2026,Iran,Zapopan,0.0
wc2026,Iraq,Arlington,0.0
wc2026,Iraq,Atlanta,0.0
wc2026,Iraq,East Rutherford,0.0
wc2026,Iraq,Foxborough,0.0
wc2026,Iraq,Guadalupe,0.0
wc2026,Iraq,Houston,0.0
wc2026,Iraq,Inglewood,0.0
wc2026,Iraq,Kansas City,0.0
wc2026,Iraq,Mexico City,0.0
wc2026,Iraq,Miami Gardens,0.0
wc2026,Iraq,Philadelphia,0.0
wc2026,Iraq,Santa Clara,0.0
wc2026,Iraq,Seattle,0.0
wc2026,Iraq,Toronto,0.0
wc2026,Iraq,Vancouver,0.0
wc2026,Iraq,Zapopan,0.0
wc2026,Ivory Coast,Arlington,7.11
wc2026,Ivory Coast,Atlanta,3.3
wc2026,Ivory Coast,East Rutherford,1.48
wc2026,Ivory Coast,Foxborough,0.0
wc2026,Ivory Coast,Guadalupe,6.35
wc2026,Ivory Coast,Houston,5.09
wc2026,Ivory Coast,Inglewood,0.0
wc2026,Ivory Coast,Kansas City,4.2
wc2026,Ivory Coast,Mexico City,0.0
wc2026,Ivory Coast,Miami Gardens,3.55
wc2026,Ivory Coast,Philadelphia,2.59
wc2026,Ivory Coast,Santa Clara,4.45
wc2026,Ivory Coast,Seattle,0.0
wc2026,Ivory Coast,Toronto,0.0
wc2026,Ivory Coast,Vancouver,0.0
wc2026,Ivory Coast,Zapopan,0.79
wc2026,Japan,Arlington,6.9
wc2026,Japan,Atlanta,3.08
wc2026,Japan,East Rutherford,1.26
wc2026,Japan,Foxborough,0.0
wc2026,Japan,Guadalupe,6.13
wc2026,Japan,Houston,4.88
wc2026,Japan,Inglewood,0.0
wc2026,Japan,Kansas City,3.98
wc2026,Japan,Mexico City,0.0
wc2026,Japan,Miami Gardens,3.34
wc2026,Japan,Philadelphia,2.38
wc2026,Japan,Santa Clara,4.23
wc2026,Japan,Seattle,0.0
wc2026,Japan,Toronto,0.0
wc2026,Japan,Vancouver,0.0
wc2026,Japan,Zapopan,0.57
wc2026,Jordan,Arlington,1.84
wc2026,Jordan,Atlanta,0.0
wc2026,Jordan,East Rutherford,0.0
wc2026,Jordan,Foxborough,0.0
wc2026,Jordan,Guadalupe,1.08
wc2026,Jordan,Houston,0.0
wc2026,Jordan,Inglewood,0.0
wc2026,Jordan,Kansas City,0.0
wc2026,Jordan,Mexico City,0.0
wc2026,Jordan,Miami Gardens,0.0
wc2026,Jordan,Philadelphia,0.0
wc2026,Jordan,Santa Clara,0.0
wc2026,Jordan,Seattle,0.0
wc2026,Jordan,Toronto,0.0
wc2026,Jordan,Vancouver,0.0
wc2026,Jordan,Zapopan,0.0
wc2026,Mexico,Arlington,7.64
wc2026,Mexico,Atlanta,3.83
wc2026,Mexico,East Rutherford,2.01
wc2026,Mexico,Foxborough,0.38
wc2026,Mexico,Guadalupe,6.87
wc2026,Mexico,Houston,5.62
wc2026,Mexico,Inglewood,0.48
wc2026,Mexico,Kansas City,4.73
wc2026,Mexico,Mexico City,0.0
wc2026,Mexico,Miami Gardens,4.08
wc2026,Mexico,Philadelphia,3.12
wc2026,Mexico,Santa Clara,4.97
wc2026,Mexico,Seattle,0.0
wc2026,Mexico,Toronto,0.0
wc2026,Mexico,Vancouver,0.0
wc2026,Mexico,Zapopan,1.32
wc2026,Morocco,Arlington,1.91
wc2026,Morocco,Atlanta,0.0
wc2026,Morocco,East Rutherford,0.0
wc2026,Morocco,Foxborough,0.0
wc2026,Morocco,Guadalupe,1.15
wc2026,Morocco,Houston,0.0
wc2026,Morocco,Inglewood,0.0
wc2026,Morocco,Kansas City,0.0
wc2026,Morocco,Mexico City,0.0
wc2026,Morocco,Miami Gardens,0.0
wc2026,Morocco,Philadelphia,0.0
wc2026,Morocco,Santa Clara,0.0
wc2026,Morocco,Seattle,0.0
wc2026,Morocco,Toronto,0.0
wc2026,Morocco,Vancouver,0.0
wc2026,Morocco,Zapopan,0.0
wc2026,Netherlands,Arlington,2.8
wc2026,Netherlands,Atlanta,0.0
wc2026,Netherlands,East Rutherford,0.0
wc2026,Netherlands,Foxborough,0.0
wc2026,Netherlands,Guadalupe,2.04
wc2026,Netherlands,Houston,0.78
wc2026,Netherlands,Inglewood,0.0
wc2026,Netherlands,Kansas City,0.0
wc2026,Netherlands,Mexico City,0.0
wc2026,Netherlands,Miami Gardens,0.0
wc2026,Netherlands,Philadelphia,0.0
wc2026,Netherlands,Santa Clara,0.14
wc2026,Netherlands,Seattle,0.0
wc2026,Netherlands,Toronto,0.0
wc2026,Netherlands,Vancouver,0.0
wc2026,Netherlands,Zapopan,0.0
wc2026,New Zealand,Arlington,21.69
wc2026,New Zealand,Atlanta,17.87
wc2026,New Zealand,East Rutherford,16.05
wc2026,New Zealand,Foxborough,14.43
wc2026,New Zealand,Guadalupe,20.92
wc2026,New Zealand,Houston,19.67
wc2026,New Zealand,Inglewood,14.53
wc2026,New Zealand,Kansas City,18.78
wc2026,New Zealand,Mexico City,10.62
wc2026,New Zealand,Miami Gardens,18.13
wc2026,New Zealand,Philadelphia,17.17
wc2026,New Zealand,Santa Clara,19.02
wc2026,New Zealand,Seattle,10.36
wc2026,New Zealand,Toronto,12.78
wc2026,New Zealand,Vancouver,8.08
wc2026,New Zealand,Zapopan,15.36
wc2026,Norway,Arlington,18.32
wc2026,Norway,Atlanta,14.5
wc2026,Norway,East Rutherford,12.68
wc2026,Norway,Foxborough,11.06
wc2026,Norway,Guadalupe,17.55
wc2026,Norway,Houston,16.3
wc2026,Norway,Inglewood,11.16
wc2026,Norway,Kansas City,15.4
wc2026,Norway,Mexico City,7.25
wc2026,Norway,Miami Gardens,14.76
wc2026,Norway,Philadelphia,13.79
wc2026,Norway,Santa Clara,15.65
wc2026,Norway,Seattle,6.99
wc2026,Norway,Toronto,9.41
wc2026,Norway,Vancouver,4.71
wc2026,Norway,Zapopan,11.99
wc2026,Panama,Arlington,5.46
wc2026,Panama,Atlanta,1.64
wc2026,Panama,East Rutherford,0.0
wc2026,Panama,Foxborough,0.0
wc2026,Panama,Guadalupe,4.69
wc2026,Panama,Houston,3.44
wc2026,Panama,Inglewood,0.0
wc2026,Panama,Kansas City,2.54
wc2026,Panama,Mexico City,0.0
wc2026,Panama,Miami Gardens,1.9
wc2026,Panama,Philadelphia,0.94
wc2026,Panama,Santa Clara,2.79
wc2026,Panama,Seattle,0.0
wc2026,Panama,Toronto,0.0
wc2026,Panama,Vancouver,0.0
wc2026,Panama,Zapopan,0.0
wc2026,Paraguay,Arlington,9.49
wc2026,Paraguay,Atlanta,5.68
wc2026,Paraguay,East Rutherford,3.86
wc2026,Paraguay,Foxborough,2.23
wc2026,Paraguay,Guadalupe,8.73
wc2026,Paraguay,Houston,7.47
wc2026,Paraguay,Inglewood,2.34
wc2026,Paraguay,Kansas City,6.58
wc2026,Paraguay,Mexico City,0.0
wc2026,Paraguay,Miami Gardens,5.93
wc2026,Paraguay,Philadelphia,4.97
wc2026,Paraguay,Santa Clara,6.83
wc2026,Paraguay,Seattle,0.0
wc2026,Paraguay,Toronto,0.59
wc2026,Paraguay,Vancouver,0.0
wc2026,Paraguay,Zapopan,3.17
wc2026,Portugal,Arlington,7.44
wc2026,Portugal,Atlanta,3.63
wc2026,Portugal,East Rutherford,1.81
wc2026,Portugal,Foxborough,0.19
wc2026,Portugal,Guadalupe,6.68
wc2026,Portugal,Houston,5.43
wc2026,Portugal,Inglewood,0.29
wc2026,Portugal,Kansas City,4.53
wc2026,Portugal,Mexico City,0.0
wc2026,Portugal,Miami Gardens,3.88
wc2026,Portugal,Philadelphia,2.92
wc2026,Portugal,Santa Clara,4.78
wc2026,Portugal,Seattle,0.0
wc2026,Portugal,Toronto,0.0
wc2026,Portugal,Vancouver,0.0
wc2026,Portugal,Zapopan,1.12
wc2026,Qatar,Arlington,0.0
wc2026,Qatar,Atlanta,0.0
wc2026,Qatar,East Rutherford,0.0
wc2026,Qatar,Foxborough,0.0
wc2026,Qatar,Guadalupe,0.0
wc2026,Qatar,Houston,0.0
wc2026,Qatar,Inglewood,0.0
wc2026,Qatar,Kansas City,0.0
wc2026,Qatar,Mexico City,0.0
wc2026,Qatar,Miami Gardens,0.0
wc2026,Qatar,Philadelphia,0.0
wc2026,Qatar,Santa Clara,0.0
wc2026,Qatar,Seattle,0.0
wc2026,Qatar,Toronto,0.0
wc2026,Qatar,Vancouver,0.0
wc2026,Qatar,Zapopan,0.0
wc2026,Saudi Arabia,Arlington,0.0
wc2026,Saudi Arabia,Atlanta,0.0
wc2026,Saudi Arabia,East Rutherford,0.0
wc2026,Saudi Arabia,Foxborough,0.0
wc2026,Saudi Arabia,Guadalupe,0.0
wc2026,Saudi Arabia,Houston,0.0
wc2026,Saudi Arabia,Inglewood,0.0
wc2026,Saudi Arabia,Kansas City,0.0
wc2026,Saudi Arabia,Mexico City,0.0
wc2026,Saudi Arabia,Miami Gardens,0.0
wc2026,Saudi Arabia,Philadelphia,0.0
wc2026,Saudi Arabia,Santa Clara,0.0
wc2026,Saudi Arabia,Seattle,0.0
wc2026,Saudi Arabia,Toronto,0.0
wc2026,Saudi Arabia,Vancouver,0.0
wc2026,Saudi Arabia,Zapopan,0.0
wc2026,Scotland,Arlington,16.47
wc2026,Scotland,Atlanta,12.66
wc2026,Scotland,East Rutherford,10.84
wc2026,Scotland,Foxborough,9.21
wc2026,Scotland,Guadalupe,15.7
wc2026,Scotland,Houston,14.45
wc2026,Scotland,Inglewood,9.32
wc2026,Scotland,Kansas City,13.56
wc2026,Scotland,Mexico City,5.4
wc2026,Scotland,Miami Gardens,12.91
wc2026,Scotland,Philadelphia,11.95
wc2026,Scotland,Santa Clara,13.8
wc2026,Scotland,Seattle,5.14
wc2026,Scotland,Toronto,7.56
wc2026,Scotland,Vancouver,2.86
wc2026,Scotland,Zapopan,10.15
wc2026,Senegal,Arlington,0.0
wc2026,Senegal,Atlanta,0.0
wc2026,Senegal,East Rutherford,0.0
wc2026,Senegal,Foxborough,0.0
wc2026,Senegal,Guadalupe,0.0
wc2026,Senegal,Houston,0.0
wc2026,Senegal,Inglewood,0.0
wc2026,Senegal,Kansas City,0.0
wc2026,Senegal,Mexico City,0.0
wc2026,Senegal,Miami Gardens,0.0
wc2026,Senegal,Philadelphia,0.0
wc2026,Senegal,Santa Clara,0.0
wc2026,Senegal,Seattle,0.0
wc2026,Senegal,Toronto,0.0
wc2026,Senegal,Vancouver,0.0
wc2026,Senegal,Zapopan,0.0
wc2026,South Africa,Arlington,14.55
wc2026,South Africa,Atlanta,10.73
wc2026,South Africa,East Rutherford,8.91
wc2026,South Africa,Foxborough,7.29
wc2026,South Africa,Guadalupe,13.78
wc2026,South Africa,Houston,12.53
wc2026,South Africa,Inglewood,7.39
wc2026,South Africa,Kansas City,11.63
wc2026,South Africa,Mexico City,3.48
wc2026,South Africa,Miami Gardens,10.99
wc2026,South Africa,Philadelphia,10.02
wc2026,South Africa,Santa Clara,11.88
wc2026,South Africa,Seattle,3.22
wc2026,South Africa,Toronto,5.64
wc2026,South Africa,Vancouver,0.94
wc2026,South Africa,Zapopan,8.22
wc2026,South Korea,Arlington,6.53
wc2026,South Korea,Atlanta,2.71
wc2026,South Korea,East Rutherford,0.89
wc2026,South Korea,Foxborough,0.0
wc2026,South Korea,Guadalupe,5.76
wc2026,South Korea,Houston,4.51
wc2026,South Korea,Inglewood,0.0
wc2026,South Korea,Kansas City,3.61
wc2026,South Korea,Mexico City,0.0
wc2026,South Korea,Miami Gardens,2.96
wc2026,South Korea,Philadelphia,2.0
wc2026,South Korea,Santa Clara,3.86
wc2026,South Korea,Seattle,0.0
wc2026,South Korea,Toronto,0.0
wc2026,South Korea,Vancouver,0.0
wc2026,South Korea,Zapopan,0.2
wc2026,Spain,Arlington,0.83
wc2026,Spain,Atlanta,0.0
wc2026,Spain,East Rutherford,0.0
wc2026,Spain,Foxborough,0.0
wc2026,Spain,Guadalupe,0.07
wc2026,Spain,Houston,0.0
wc2026,Spain,Inglewood,0.0
wc2026,Spain,Kansas City,0.0
wc2026,Spain,Mexico City,0.0
wc2026,Spain,Miami Gardens,0.0
wc2026,Spain,Philadelphia,0.0
wc2026,Spain,Santa Clara,0.0
wc2026,Spain,Seattle,0.0
wc2026,Spain,Toronto,0.0
wc2026,Spain,Vancouver,0.0
wc2026,Spain,Zapopan,0.0
wc2026,Sweden,Arlington,15.23
wc2026,Sweden,Atlanta,11.42
wc2026,Sweden,East Rutherford,9.6
wc2026,Sweden,Foxborough,7.97
wc2026,Sweden,Guadalupe,14.47
wc2026,Sweden,Houston,13.21
wc2026,Sweden,Inglewood,8.08
wc2026,Sweden,Kansas City,12.32
wc2026,Sweden,Mexico City,4.16
wc2026,Sweden,Miami Gardens,11.67
wc2026,Sweden,Philadelphia,10.71
wc2026,Sweden,Santa Clara,12.56
wc2026,Sweden,Seattle,3.91
wc2026,Sweden,Toronto,6.33
wc2026,Sweden,Vancouver,1.62
wc2026,Sweden,Zapopan,8.91
wc2026,Switzerland,Arlington,14.09
wc2026,Switzerland,Atlanta,10.28
wc2026,Switzerland,East Rutherford,8.46
wc2026,Switzerland,Foxborough,6.84
wc2026,Switzerland,Guadalupe,13.33
wc2026,Switzerland,Houston,12.08
wc2026,Switzerland,Inglewood,6.94
wc2026,Switzerland,Kansas City,11.18
wc2026,Switzerland,Mexico City,3.03
wc2026,Switzerland,Miami Gardens,10.53
wc2026,Switzerland,Philadelphia,9.57
wc2026,Switzerland,Santa Clara,11.43
wc2026,Switzerland,Seattle,2.77
wc2026,Switzerland,Toronto,5.19
wc2026,Switzerland,Vancouver,0.48
wc2026,Switzerland,Zapopan,7.77
wc2026,Tunisia,Arlington,0.0
wc2026,Tunisia,Atlanta,0.0
wc2026,Tunisia,East Rutherford,0.0
wc2026,Tunisia,Foxborough,0.0
wc2026,Tunisia,Guadalupe,0.0
wc2026,Tunisia,Houston,0.0
wc2026,Tunisia,Inglewood,0.0
wc2026,Tunisia,Kansas City,0.0
wc2026,Tunisia,Mexico City,0.0
wc2026,Tunisia,Miami Gardens,0.0
wc2026,Tunisia,Philadelphia,0.0
wc2026,Tunisia,Santa Clara,0.0
wc2026,Tunisia,Seattle,0.0
wc2026,Tunisia,Toronto,0.0
wc2026,Tunisia,Vancouver,0.0
wc2026,Tunisia,Zapopan,0.0
wc2026,Turkey,Arlington,5.43
wc2026,Turkey,Atlanta,1.62
wc2026,Turkey,East Rutherford,0.0
wc2026,Turkey,Foxborough,0.0
wc2026,Turkey,Guadalupe,4.66
wc2026,Turkey,Houston,3.41
wc2026,Turkey,Inglewood,0.0
wc2026,Turkey,Kansas City,2.52
wc2026,Turkey,Mexico City,0.0
wc2026,Turkey,Miami Gardens,1.87
wc2026,Turkey,Philadelphia,0.91
wc2026,Turkey,Santa Clara,2.76
wc2026,Turkey,Seattle,0.0
wc2026,Turkey,Toronto,0.0
wc2026,Turkey,Vancouver,0.0
wc2026,Turkey,Zapopan,0.0
wc2026,United States,Arlington,2.91
wc2026,United States,Atlanta,0.0
wc2026,United States,East Rutherford,0.0
wc2026,United States,Foxborough,0.0
wc2026,United States,Guadalupe,2.15
wc2026,United States,Houston,0.9
wc2026,United States,Inglewood,0.0
wc2026,United States,Kansas City,0.0
wc2026,United States,Mexico City,0.0
wc2026,United States,Miami Gardens,0.0
wc2026,United States,Philadelphia,0.0
wc2026,United States,Santa Clara,0.25
wc2026,United States,Seattle,0.0
wc2026,United States,Toronto,0.0
wc2026,United States,Vancouver,0.0
wc2026,United States,Zapopan,0.0
wc2026,Uruguay,Arlington,19.2
wc2026,Uruguay,Atlanta,15.39
wc2026,Uruguay,East Rutherford,13.57
wc2026,Uruguay,Foxborough,11.94
wc2026,Uruguay,Guadalupe,18.44
wc2026,Uruguay,Houston,17.18
wc2026,Uruguay,Inglewood,12.05
wc2026,Uruguay,Kansas City,16.29
wc2026,Uruguay,Mexico City,8.13
wc2026,Uruguay,Miami Gardens,15.64
wc2026,Uruguay,Philadelphia,14.68
wc2026,Uruguay,Santa Clara,16.54
wc2026,Uruguay,Seattle,7.88
wc2026,Uruguay,Toronto,10.3
wc2026,Uruguay,Vancouver,5.59
wc2026,Uruguay,Zapopan,12.88
wc2026,Uzbekistan,Arlington,0.0
wc2026,Uzbekistan,Atlanta,0.0
wc2026,Uzbekistan,East Rutherford,0.0
wc2026,Uzbekistan,Foxborough,0.0
wc2026,Uzbekistan,Guadalupe,0.0
wc2026,Uzbekistan,Houston,0.0
wc2026,Uzbekistan,Inglewood,0.0
wc2026,Uzbekistan,Kansas City,0.0
wc2026,Uzbekistan,Mexico City,0.0
wc2026,Uzbekistan,Miami Gardens,0.0
wc2026,Uzbekistan,Philadelphia,0.0
wc2026,Uzbekistan,Santa Clara,0.0
wc2026,Uzbekistan,Seattle,0.0
wc2026,Uzbekistan,Toronto,0.0
wc2026,Uzbekistan,Vancouver,0.0
wc2026,Uzbekistan,Zapopan,0.0
